frame,system,rom_label,kind,total_count,ordinal,event_id,event_name,arg0,arg1,arg2,seq_ptr_raw,ptr_res,seq_index,seq_byte,seq_source,ppu_index,ppu_ptr_raw,ppu_ptr_res
77,genesis,zelda_v302,seq,4,1,04B1,BANK0_SEQ 9D37 primary fetch,0000,,,8F0F,000056A5,0000,0481,8F80,,,
77,genesis,zelda_v302,seq,4,2,04B3,BANK0_SEQ 9DBE pulse fetch,0016,,,8F0F,000056A5,0416,043F,8F80,,,
77,genesis,zelda_v302,seq,4,3,04B5,BANK0_SEQ 9E2C control fetch,0035,,,8F0F,000056A5,0435,043C,8F80,,,
77,genesis,zelda_v302,seq,4,4,04B7,BANK0_SEQ 9EA7 noise fetch,00CE,,,8F0F,000056A5,04CE,04FE,8F80,,,
86,genesis,zelda_v302,seq,8,5,04B1,BANK0_SEQ 9D37 primary fetch,0000,,,948B,000056EB,0000,0481,94F8,,,
86,genesis,zelda_v302,seq,8,6,04B3,BANK0_SEQ 9DBE pulse fetch,001D,,,948B,000056EB,041D,0400,94F8,,,
86,genesis,zelda_v302,seq,8,7,04B5,BANK0_SEQ 9E2C control fetch,003B,,,948B,000056EB,043B,0410,94F8,,,
86,genesis,zelda_v302,seq,8,8,04B7,BANK0_SEQ 9EA7 noise fetch,004F,,,948B,000056EB,044F,044E,94F8,,,
100,genesis,zelda_v302,seq,12,9,04B1,BANK0_SEQ 9D37 primary fetch,0000,,,94DC,0000573C,0000,0481,9480,,,
100,genesis,zelda_v302,seq,12,10,04B3,BANK0_SEQ 9DBE pulse fetch,0057,,,94DC,0000573C,0457,0400,9480,,,
100,genesis,zelda_v302,seq,12,11,04B5,BANK0_SEQ 9E2C control fetch,0027,,,94DC,0000573C,0427,0400,9480,,,
100,genesis,zelda_v302,seq,12,12,04B7,BANK0_SEQ 9EA7 noise fetch,0023,,,94DC,0000573C,0423,0415,9480,,,
105,genesis,zelda_v302,seq,16,13,04B1,BANK0_SEQ 9D37 primary fetch,0000,,,8F0F,000056A5,0000,0481,8F35,,,
105,genesis,zelda_v302,seq,16,14,04B3,BANK0_SEQ 9DBE pulse fetch,0016,,,8F0F,000056A5,0016,0481,8F35,,,
105,genesis,zelda_v302,seq,16,15,04B5,BANK0_SEQ 9E2C control fetch,0035,,,8F0F,000056A5,0035,0483,8F35,,,
105,genesis,zelda_v302,seq,16,16,04B7,BANK0_SEQ 9EA7 noise fetch,00CE,,,8F0F,000056A5,04CE,04FE,8F35,,,
106,genesis,zelda_v302,seq,24,17,04B1,BANK0_SEQ 9D37 primary fetch,0000,,,8F0F,000056A5,0000,0481,8F35,,,
106,genesis,zelda_v302,seq,24,18,04B3,BANK0_SEQ 9DBE pulse fetch,0016,,,8F0F,000056A5,0016,0481,8F35,,,
106,genesis,zelda_v302,seq,24,19,04B5,BANK0_SEQ 9E2C control fetch,0035,,,8F0F,000056A5,0035,0483,8F35,,,
106,genesis,zelda_v302,seq,24,20,04B7,BANK0_SEQ 9EA7 noise fetch,00CE,,,8F0F,000056A5,04CE,04FE,8F35,,,
106,genesis,zelda_v302,seq,24,21,04B1,BANK0_SEQ 9D37 primary fetch,0000,,,8F0F,000056A5,0000,0481,8F35,,,
106,genesis,zelda_v302,seq,24,22,04B3,BANK0_SEQ 9DBE pulse fetch,0016,,,8F0F,000056A5,0016,0481,8F35,,,
106,genesis,zelda_v302,seq,24,23,04B5,BANK0_SEQ 9E2C control fetch,0035,,,8F0F,000056A5,0035,0483,8F35,,,
106,genesis,zelda_v302,seq,24,24,04B7,BANK0_SEQ 9EA7 noise fetch,00CE,,,8F0F,000056A5,04CE,04FE,8F35,,,
107,genesis,zelda_v302,seq,28,25,04B1,BANK0_SEQ 9D37 primary fetch,0000,,,8F0F,000056A5,0000,0481,8F35,,,
107,genesis,zelda_v302,seq,28,26,04B3,BANK0_SEQ 9DBE pulse fetch,0016,,,8F0F,000056A5,0016,0481,8F35,,,
107,genesis,zelda_v302,seq,28,27,04B5,BANK0_SEQ 9E2C control fetch,0035,,,8F0F,000056A5,0035,0483,8F35,,,
107,genesis,zelda_v302,seq,28,28,04B7,BANK0_SEQ 9EA7 noise fetch,00CE,,,8F0F,000056A5,04CE,04FE,8F35,,,
108,genesis,zelda_v302,seq,32,29,04B1,BANK0_SEQ 9D37 primary fetch,0000,,,8F0F,000056A5,0000,0481,8F35,,,
108,genesis,zelda_v302,seq,32,30,04B3,BANK0_SEQ 9DBE pulse fetch,0016,,,8F0F,000056A5,0016,0481,8F35,,,
108,genesis,zelda_v302,seq,32,31,04B5,BANK0_SEQ 9E2C control fetch,0035,,,8F0F,000056A5,0035,0483,8F35,,,
108,genesis,zelda_v302,seq,32,32,04B7,BANK0_SEQ 9EA7 noise fetch,00CE,,,8F0F,000056A5,04CE,04FE,8F35,,,
109,genesis,zelda_v302,seq,36,33,04B1,BANK0_SEQ 9D37 primary fetch,0000,,,8F0F,000056A5,0000,0481,8F35,,,
109,genesis,zelda_v302,seq,36,34,04B3,BANK0_SEQ 9DBE pulse fetch,0016,,,8F0F,000056A5,0016,0481,8F35,,,
109,genesis,zelda_v302,seq,36,35,04B5,BANK0_SEQ 9E2C control fetch,0035,,,8F0F,000056A5,0035,0483,8F35,,,
109,genesis,zelda_v302,seq,36,36,04B7,BANK0_SEQ 9EA7 noise fetch,00CE,,,8F0F,000056A5,04CE,04FE,8F35,,,
110,genesis,zelda_v302,seq,39,37,04B1,BANK0_SEQ 9D37 primary fetch,0000,,,0856,00000856,0100,0464,0835,,,
110,genesis,zelda_v302,seq,39,38,04B5,BANK0_SEQ 9E2C control fetch,0008,,,0856,00000856,0108,0402,0835,,,
110,genesis,zelda_v302,seq,39,39,04B7,BANK0_SEQ 9EA7 noise fetch,0008,,,0856,00000856,0408,0470,0835,,,
110,genesis,zelda_v302,ppu,24,17,04A1,BANK6_PPU_LEGACY literal decode,0000,0C00,0000,,00000000,,,,0000,0302,00000000
110,genesis,zelda_v302,ppu,24,18,04A4,BANK6_PPU_LEGACY pointer advance,0300,1A00,0300,,00000000,,,,0000,0302,00000000
110,genesis,zelda_v302,ppu,24,19,04A0,BANK6_PPU_LEGACY raw header,0300,0000,0000,,00000000,,,,0000,0302,00000000
110,genesis,zelda_v302,ppu,24,20,04A1,BANK6_PPU_LEGACY literal decode,0300,0C00,0000,,00000000,,,,0000,0302,00000000
110,genesis,zelda_v302,ppu,24,21,04A4,BANK6_PPU_LEGACY pointer advance,0300,1E00,0300,,00000000,,,,0000,0302,00000000
110,genesis,zelda_v302,ppu,24,22,04A0,BANK6_PPU_LEGACY raw header,0000,0100,B600,,00000000,,,,0000,0302,00000000
110,genesis,zelda_v302,ppu,24,23,04A1,BANK6_PPU_LEGACY literal decode,0000,0C00,0000,,00000000,,,,0000,0302,00000000
110,genesis,zelda_v302,ppu,24,24,04A4,BANK6_PPU_LEGACY pointer advance,0300,2200,0300,,00000000,,,,0000,0302,00000000
111,genesis,zelda_v302,seq,43,40,04B1,BANK0_SEQ 9D37 primary fetch,0000,,,8F0F,000056A5,0000,0481,8F35,,,
111,genesis,zelda_v302,seq,43,41,04B3,BANK0_SEQ 9DBE pulse fetch,0016,,,8F0F,000056A5,0016,0481,8F35,,,
111,genesis,zelda_v302,seq,43,42,04B5,BANK0_SEQ 9E2C control fetch,0035,,,8F0F,000056A5,0035,0483,8F35,,,
111,genesis,zelda_v302,seq,43,43,04B7,BANK0_SEQ 9EA7 noise fetch,00CE,,,8F0F,000056A5,04CE,04FE,8F35,,,
112,genesis,zelda_v302,seq,47,44,04B1,BANK0_SEQ 9D37 primary fetch,0000,,,8F0F,000056A5,0000,0481,8F35,,,
112,genesis,zelda_v302,seq,47,45,04B3,BANK0_SEQ 9DBE pulse fetch,0016,,,8F0F,000056A5,0016,0481,8F35,,,
112,genesis,zelda_v302,seq,47,46,04B5,BANK0_SEQ 9E2C control fetch,0035,,,8F0F,000056A5,0035,0483,8F35,,,
112,genesis,zelda_v302,seq,47,47,04B7,BANK0_SEQ 9EA7 noise fetch,00CE,,,8F0F,000056A5,04CE,04FE,8F35,,,
113,genesis,zelda_v302,seq,51,48,04B1,BANK0_SEQ 9D37 primary fetch,0000,,,8F0F,000056A5,0000,0481,8F35,,,
113,genesis,zelda_v302,seq,51,49,04B3,BANK0_SEQ 9DBE pulse fetch,0016,,,8F0F,000056A5,0016,0481,8F35,,,
113,genesis,zelda_v302,seq,51,50,04B5,BANK0_SEQ 9E2C control fetch,0035,,,8F0F,000056A5,0035,0483,8F35,,,
113,genesis,zelda_v302,seq,51,51,04B7,BANK0_SEQ 9EA7 noise fetch,00CE,,,8F0F,000056A5,04CE,04FE,8F35,,,
114,genesis,zelda_v302,seq,55,52,04B1,BANK0_SEQ 9D37 primary fetch,0000,,,8F0F,000056A5,0000,0481,8F35,,,
114,genesis,zelda_v302,seq,55,53,04B3,BANK0_SEQ 9DBE pulse fetch,0016,,,8F0F,000056A5,0016,0481,8F35,,,
114,genesis,zelda_v302,seq,55,54,04B5,BANK0_SEQ 9E2C control fetch,0035,,,8F0F,000056A5,0035,0483,8F35,,,
114,genesis,zelda_v302,seq,55,55,04B7,BANK0_SEQ 9EA7 noise fetch,00CE,,,8F0F,000056A5,04CE,04FE,8F35,,,
115,genesis,zelda_v302,seq,59,56,04B1,BANK0_SEQ 9D37 primary fetch,0000,,,8F0F,000056A5,0000,0481,8F35,,,
115,genesis,zelda_v302,seq,59,57,04B3,BANK0_SEQ 9DBE pulse fetch,0016,,,8F0F,000056A5,0016,0481,8F35,,,
115,genesis,zelda_v302,seq,59,58,04B5,BANK0_SEQ 9E2C control fetch,0035,,,8F0F,000056A5,0035,0483,8F35,,,
115,genesis,zelda_v302,seq,59,59,04B7,BANK0_SEQ 9EA7 noise fetch,00CE,,,8F0F,000056A5,04CE,04FE,8F35,,,
116,genesis,zelda_v302,seq,63,60,04B1,BANK0_SEQ 9D37 primary fetch,0000,,,8F0F,000056A5,0000,0481,8F35,,,
116,genesis,zelda_v302,seq,63,61,04B3,BANK0_SEQ 9DBE pulse fetch,0016,,,8F0F,000056A5,0016,0481,8F35,,,
116,genesis,zelda_v302,seq,63,62,04B5,BANK0_SEQ 9E2C control fetch,0035,,,8F0F,000056A5,0035,0483,8F35,,,
116,genesis,zelda_v302,seq,63,63,04B7,BANK0_SEQ 9EA7 noise fetch,00CE,,,8F0F,000056A5,04CE,04FE,8F35,,,
117,genesis,zelda_v302,seq,67,64,04B1,BANK0_SEQ 9D37 primary fetch,0000,,,8F0F,000056A5,0000,0481,8F35,,,
117,genesis,zelda_v302,seq,67,65,04B3,BANK0_SEQ 9DBE pulse fetch,0016,,,8F0F,000056A5,0016,0481,8F35,,,
117,genesis,zelda_v302,seq,67,66,04B5,BANK0_SEQ 9E2C control fetch,0035,,,8F0F,000056A5,0035,0483,8F35,,,
117,genesis,zelda_v302,seq,67,67,04B7,BANK0_SEQ 9EA7 noise fetch,00CE,,,8F0F,000056A5,04CE,04FE,8F35,,,
118,genesis,zelda_v302,seq,71,68,04B1,BANK0_SEQ 9D37 primary fetch,0000,,,8F0F,000056A5,0000,0481,8F35,,,
118,genesis,zelda_v302,seq,71,69,04B3,BANK0_SEQ 9DBE pulse fetch,0016,,,8F0F,000056A5,0016,0481,8F35,,,
118,genesis,zelda_v302,seq,71,70,04B5,BANK0_SEQ 9E2C control fetch,0035,,,8F0F,000056A5,0035,0483,8F35,,,
118,genesis,zelda_v302,seq,71,71,04B7,BANK0_SEQ 9EA7 noise fetch,00CE,,,8F0F,000056A5,04CE,04FE,8F35,,,
119,genesis,zelda_v302,seq,75,72,04B1,BANK0_SEQ 9D37 primary fetch,0000,,,8F0F,000056A5,0000,0481,8F35,,,
119,genesis,zelda_v302,seq,75,73,04B3,BANK0_SEQ 9DBE pulse fetch,0016,,,8F0F,000056A5,0016,0481,8F35,,,
119,genesis,zelda_v302,seq,75,74,04B5,BANK0_SEQ 9E2C control fetch,0035,,,8F0F,000056A5,0035,0483,8F35,,,
119,genesis,zelda_v302,seq,75,75,04B7,BANK0_SEQ 9EA7 noise fetch,00CE,,,8F0F,000056A5,04CE,04FE,8F35,,,
120,genesis,zelda_v302,seq,79,76,04B1,BANK0_SEQ 9D37 primary fetch,0000,,,8F0F,000056A5,0000,0481,8F35,,,
120,genesis,zelda_v302,seq,79,77,04B3,BANK0_SEQ 9DBE pulse fetch,0016,,,8F0F,000056A5,0016,0481,8F35,,,
120,genesis,zelda_v302,seq,79,78,04B5,BANK0_SEQ 9E2C control fetch,0035,,,8F0F,000056A5,0035,0483,8F35,,,
120,genesis,zelda_v302,seq,79,79,04B7,BANK0_SEQ 9EA7 noise fetch,00CE,,,8F0F,000056A5,04CE,04FE,8F35,,,
121,genesis,zelda_v302,seq,83,80,04B1,BANK0_SEQ 9D37 primary fetch,0000,,,8F0F,000056A5,0000,0481,8F35,,,
121,genesis,zelda_v302,seq,83,81,04B3,BANK0_SEQ 9DBE pulse fetch,0016,,,8F0F,000056A5,0016,0481,8F35,,,
121,genesis,zelda_v302,seq,83,82,04B5,BANK0_SEQ 9E2C control fetch,0035,,,8F0F,000056A5,0035,0483,8F35,,,
121,genesis,zelda_v302,seq,83,83,04B7,BANK0_SEQ 9EA7 noise fetch,00CE,,,8F0F,000056A5,04CE,04FE,8F35,,,
122,genesis,zelda_v302,seq,87,84,04B1,BANK0_SEQ 9D37 primary fetch,0000,,,8F0F,000056A5,0000,0481,8F35,,,
122,genesis,zelda_v302,seq,87,85,04B3,BANK0_SEQ 9DBE pulse fetch,0016,,,8F0F,000056A5,0016,0481,8F35,,,
122,genesis,zelda_v302,seq,87,86,04B5,BANK0_SEQ 9E2C control fetch,0035,,,8F0F,000056A5,0035,0483,8F35,,,
122,genesis,zelda_v302,seq,87,87,04B7,BANK0_SEQ 9EA7 noise fetch,00CE,,,8F0F,000056A5,04CE,04FE,8F35,,,
123,genesis,zelda_v302,seq,91,88,04B1,BANK0_SEQ 9D37 primary fetch,0000,,,8F0F,000056A5,0000,0481,8F35,,,
123,genesis,zelda_v302,seq,91,89,04B3,BANK0_SEQ 9DBE pulse fetch,0016,,,8F0F,000056A5,0016,0481,8F35,,,
123,genesis,zelda_v302,seq,91,90,04B5,BANK0_SEQ 9E2C control fetch,0035,,,8F0F,000056A5,0035,0483,8F35,,,
123,genesis,zelda_v302,seq,91,91,04B7,BANK0_SEQ 9EA7 noise fetch,00CE,,,8F0F,000056A5,04CE,04FE,8F35,,,
124,genesis,zelda_v302,seq,95,92,04B1,BANK0_SEQ 9D37 primary fetch,0000,,,8F0F,000056A5,0000,0481,8F35,,,
124,genesis,zelda_v302,seq,95,93,04B3,BANK0_SEQ 9DBE pulse fetch,0016,,,8F0F,000056A5,0016,0481,8F35,,,
124,genesis,zelda_v302,seq,95,94,04B5,BANK0_SEQ 9E2C control fetch,0035,,,8F0F,000056A5,0035,0483,8F35,,,
124,genesis,zelda_v302,seq,95,95,04B7,BANK0_SEQ 9EA7 noise fetch,00CE,,,8F0F,000056A5,04CE,04FE,8F35,,,
125,genesis,zelda_v302,seq,99,96,04B1,BANK0_SEQ 9D37 primary fetch,0000,,,8F0F,000056A5,0000,0481,8F35,,,
125,genesis,zelda_v302,seq,99,97,04B3,BANK0_SEQ 9DBE pulse fetch,0016,,,8F0F,000056A5,0016,0481,8F35,,,
125,genesis,zelda_v302,seq,99,98,04B5,BANK0_SEQ 9E2C control fetch,0035,,,8F0F,000056A5,0035,0483,8F35,,,
125,genesis,zelda_v302,seq,99,99,04B7,BANK0_SEQ 9EA7 noise fetch,00CE,,,8F0F,000056A5,04CE,04FE,8F35,,,
126,genesis,zelda_v302,seq,103,100,04B1,BANK0_SEQ 9D37 primary fetch,0000,,,8F0F,000056A5,0000,0481,8F35,,,
126,genesis,zelda_v302,seq,103,101,04B3,BANK0_SEQ 9DBE pulse fetch,0016,,,8F0F,000056A5,0016,0481,8F35,,,
126,genesis,zelda_v302,seq,103,102,04B5,BANK0_SEQ 9E2C control fetch,0035,,,8F0F,000056A5,0035,0483,8F35,,,
126,genesis,zelda_v302,seq,103,103,04B7,BANK0_SEQ 9EA7 noise fetch,00CE,,,8F0F,000056A5,04CE,04FE,8F35,,,
127,genesis,zelda_v302,seq,107,104,04B1,BANK0_SEQ 9D37 primary fetch,0000,,,8F0F,000056A5,0000,0481,8F35,,,
127,genesis,zelda_v302,seq,107,105,04B3,BANK0_SEQ 9DBE pulse fetch,0016,,,8F0F,000056A5,0016,0481,8F35,,,
127,genesis,zelda_v302,seq,107,106,04B5,BANK0_SEQ 9E2C control fetch,0035,,,8F0F,000056A5,0035,0483,8F35,,,
127,genesis,zelda_v302,seq,107,107,04B7,BANK0_SEQ 9EA7 noise fetch,00CE,,,8F0F,000056A5,04CE,04FE,8F35,,,
128,genesis,zelda_v302,seq,111,108,04B1,BANK0_SEQ 9D37 primary fetch,0000,,,8F0F,000056A5,0000,0481,8F35,,,
128,genesis,zelda_v302,seq,111,109,04B3,BANK0_SEQ 9DBE pulse fetch,0016,,,8F0F,000056A5,0016,0481,8F35,,,
128,genesis,zelda_v302,seq,111,110,04B5,BANK0_SEQ 9E2C control fetch,0035,,,8F0F,000056A5,0035,0483,8F35,,,
128,genesis,zelda_v302,seq,111,111,04B7,BANK0_SEQ 9EA7 noise fetch,00CE,,,8F0F,000056A5,04CE,04FE,8F35,,,
129,genesis,zelda_v302,seq,115,112,04B1,BANK0_SEQ 9D37 primary fetch,0000,,,8F0F,000056A5,0000,0481,8F35,,,
129,genesis,zelda_v302,seq,115,113,04B3,BANK0_SEQ 9DBE pulse fetch,0016,,,8F0F,000056A5,0016,0481,8F35,,,
129,genesis,zelda_v302,seq,115,114,04B5,BANK0_SEQ 9E2C control fetch,0035,,,8F0F,000056A5,0035,0483,8F35,,,
129,genesis,zelda_v302,seq,115,115,04B7,BANK0_SEQ 9EA7 noise fetch,00CE,,,8F0F,000056A5,04CE,04FE,8F35,,,
130,genesis,zelda_v302,seq,119,116,04B1,BANK0_SEQ 9D37 primary fetch,0000,,,8F0F,000056A5,0000,0481,8F35,,,
130,genesis,zelda_v302,seq,119,117,04B3,BANK0_SEQ 9DBE pulse fetch,0016,,,8F0F,000056A5,0016,0481,8F35,,,
130,genesis,zelda_v302,seq,119,118,04B5,BANK0_SEQ 9E2C control fetch,0035,,,8F0F,000056A5,0035,0483,8F35,,,
130,genesis,zelda_v302,seq,119,119,04B7,BANK0_SEQ 9EA7 noise fetch,00CE,,,8F0F,000056A5,04CE,04FE,8F35,,,
131,genesis,zelda_v302,seq,123,120,04B1,BANK0_SEQ 9D37 primary fetch,0000,,,8F0F,000056A5,0000,0481,8F35,,,
131,genesis,zelda_v302,seq,123,121,04B3,BANK0_SEQ 9DBE pulse fetch,0016,,,8F0F,000056A5,0016,0481,8F35,,,
131,genesis,zelda_v302,seq,123,122,04B5,BANK0_SEQ 9E2C control fetch,0035,,,8F0F,000056A5,0035,0483,8F35,,,
131,genesis,zelda_v302,seq,123,123,04B7,BANK0_SEQ 9EA7 noise fetch,00CE,,,8F0F,000056A5,04CE,04FE,8F35,,,
132,genesis,zelda_v302,seq,127,124,04B1,BANK0_SEQ 9D37 primary fetch,0000,,,8F0F,000056A5,0000,0481,8F35,,,
132,genesis,zelda_v302,seq,127,125,04B3,BANK0_SEQ 9DBE pulse fetch,0016,,,8F0F,000056A5,0016,0481,8F35,,,
132,genesis,zelda_v302,seq,127,126,04B5,BANK0_SEQ 9E2C control fetch,0035,,,8F0F,000056A5,0035,0483,8F35,,,
132,genesis,zelda_v302,seq,127,127,04B7,BANK0_SEQ 9EA7 noise fetch,00CE,,,8F0F,000056A5,04CE,04FE,8F35,,,
133,genesis,zelda_v302,seq,131,128,04B1,BANK0_SEQ 9D37 primary fetch,0000,,,8F0F,000056A5,0000,0481,8F35,,,
133,genesis,zelda_v302,seq,131,129,04B3,BANK0_SEQ 9DBE pulse fetch,0016,,,8F0F,000056A5,0016,0481,8F35,,,
133,genesis,zelda_v302,seq,131,130,04B5,BANK0_SEQ 9E2C control fetch,0035,,,8F0F,000056A5,0035,0483,8F35,,,
133,genesis,zelda_v302,seq,131,131,04B7,BANK0_SEQ 9EA7 noise fetch,00CE,,,8F0F,000056A5,04CE,04FE,8F35,,,
134,genesis,zelda_v302,seq,135,132,04B1,BANK0_SEQ 9D37 primary fetch,0000,,,8F0F,000056A5,0000,0481,8F35,,,
134,genesis,zelda_v302,seq,135,133,04B3,BANK0_SEQ 9DBE pulse fetch,0016,,,8F0F,000056A5,0016,0481,8F35,,,
134,genesis,zelda_v302,seq,135,134,04B5,BANK0_SEQ 9E2C control fetch,0035,,,8F0F,000056A5,0035,0483,8F35,,,
134,genesis,zelda_v302,seq,135,135,04B7,BANK0_SEQ 9EA7 noise fetch,00CE,,,8F0F,000056A5,04CE,04FE,8F35,,,
135,genesis,zelda_v302,seq,139,136,04B1,BANK0_SEQ 9D37 primary fetch,0000,,,8F0F,000056A5,0000,0481,8F35,,,
135,genesis,zelda_v302,seq,139,137,04B3,BANK0_SEQ 9DBE pulse fetch,0016,,,8F0F,000056A5,0016,0481,8F35,,,
135,genesis,zelda_v302,seq,139,138,04B5,BANK0_SEQ 9E2C control fetch,0035,,,8F0F,000056A5,0035,0483,8F35,,,
135,genesis,zelda_v302,seq,139,139,04B7,BANK0_SEQ 9EA7 noise fetch,00CE,,,8F0F,000056A5,04CE,04FE,8F35,,,
136,genesis,zelda_v302,seq,143,140,04B1,BANK0_SEQ 9D37 primary fetch,0000,,,8F0F,000056A5,0000,0481,8F35,,,
136,genesis,zelda_v302,seq,143,141,04B3,BANK0_SEQ 9DBE pulse fetch,0016,,,8F0F,000056A5,0016,0481,8F35,,,
136,genesis,zelda_v302,seq,143,142,04B5,BANK0_SEQ 9E2C control fetch,0035,,,8F0F,000056A5,0035,0483,8F35,,,
136,genesis,zelda_v302,seq,143,143,04B7,BANK0_SEQ 9EA7 noise fetch,00CE,,,8F0F,000056A5,04CE,04FE,8F35,,,
137,genesis,zelda_v302,seq,147,144,04B1,BANK0_SEQ 9D37 primary fetch,0000,,,8F0F,000056A5,0000,0481,8F35,,,
137,genesis,zelda_v302,seq,147,145,04B3,BANK0_SEQ 9DBE pulse fetch,0016,,,8F0F,000056A5,0016,0481,8F35,,,
137,genesis,zelda_v302,seq,147,146,04B5,BANK0_SEQ 9E2C control fetch,0035,,,8F0F,000056A5,0035,0483,8F35,,,
137,genesis,zelda_v302,seq,147,147,04B7,BANK0_SEQ 9EA7 noise fetch,00CE,,,8F0F,000056A5,04CE,04FE,8F35,,,
138,genesis,zelda_v302,seq,151,148,04B1,BANK0_SEQ 9D37 primary fetch,0000,,,8F0F,000056A5,0000,0481,8F35,,,
138,genesis,zelda_v302,seq,151,149,04B3,BANK0_SEQ 9DBE pulse fetch,0016,,,8F0F,000056A5,0016,0481,8F35,,,
138,genesis,zelda_v302,seq,151,150,04B5,BANK0_SEQ 9E2C control fetch,0035,,,8F0F,000056A5,0035,0483,8F35,,,
138,genesis,zelda_v302,seq,151,151,04B7,BANK0_SEQ 9EA7 noise fetch,00CE,,,8F0F,000056A5,04CE,04FE,8F35,,,
139,genesis,zelda_v302,seq,155,152,04B1,BANK0_SEQ 9D37 primary fetch,0000,,,8F0F,000056A5,0000,0481,8F35,,,
139,genesis,zelda_v302,seq,155,153,04B3,BANK0_SEQ 9DBE pulse fetch,0016,,,8F0F,000056A5,0016,0481,8F35,,,
139,genesis,zelda_v302,seq,155,154,04B5,BANK0_SEQ 9E2C control fetch,0035,,,8F0F,000056A5,0035,0483,8F35,,,
139,genesis,zelda_v302,seq,155,155,04B7,BANK0_SEQ 9EA7 noise fetch,00CE,,,8F0F,000056A5,04CE,04FE,8F35,,,
140,genesis,zelda_v302,seq,159,156,04B1,BANK0_SEQ 9D37 primary fetch,0000,,,8F0F,000056A5,0000,0481,8F35,,,
140,genesis,zelda_v302,seq,159,157,04B3,BANK0_SEQ 9DBE pulse fetch,0016,,,8F0F,000056A5,0016,0481,8F35,,,
140,genesis,zelda_v302,seq,159,158,04B5,BANK0_SEQ 9E2C control fetch,0035,,,8F0F,000056A5,0035,0483,8F35,,,
140,genesis,zelda_v302,seq,159,159,04B7,BANK0_SEQ 9EA7 noise fetch,00CE,,,8F0F,000056A5,04CE,04FE,8F35,,,
141,genesis,zelda_v302,seq,163,160,04B1,BANK0_SEQ 9D37 primary fetch,0000,,,8F0F,000056A5,0000,0481,8F35,,,
141,genesis,zelda_v302,seq,163,161,04B3,BANK0_SEQ 9DBE pulse fetch,0016,,,8F0F,000056A5,0016,0481,8F35,,,
141,genesis,zelda_v302,seq,163,162,04B5,BANK0_SEQ 9E2C control fetch,0035,,,8F0F,000056A5,0035,0483,8F35,,,
141,genesis,zelda_v302,seq,163,163,04B7,BANK0_SEQ 9EA7 noise fetch,00CE,,,8F0F,000056A5,04CE,04FE,8F35,,,
142,genesis,zelda_v302,seq,167,164,04B1,BANK0_SEQ 9D37 primary fetch,0000,,,8F0F,000056A5,0000,0481,8F35,,,
142,genesis,zelda_v302,seq,167,165,04B3,BANK0_SEQ 9DBE pulse fetch,0016,,,8F0F,000056A5,0016,0481,8F35,,,
142,genesis,zelda_v302,seq,167,166,04B5,BANK0_SEQ 9E2C control fetch,0035,,,8F0F,000056A5,0035,0483,8F35,,,
142,genesis,zelda_v302,seq,167,167,04B7,BANK0_SEQ 9EA7 noise fetch,00CE,,,8F0F,000056A5,04CE,04FE,8F35,,,
143,genesis,zelda_v302,seq,171,168,04B1,BANK0_SEQ 9D37 primary fetch,0000,,,8F0F,000056A5,0000,0481,8F35,,,
143,genesis,zelda_v302,seq,171,169,04B3,BANK0_SEQ 9DBE pulse fetch,0016,,,8F0F,000056A5,0016,0481,8F35,,,
143,genesis,zelda_v302,seq,171,170,04B5,BANK0_SEQ 9E2C control fetch,0035,,,8F0F,000056A5,0035,0483,8F35,,,
143,genesis,zelda_v302,seq,171,171,04B7,BANK0_SEQ 9EA7 noise fetch,00CE,,,8F0F,000056A5,04CE,04FE,8F35,,,
144,genesis,zelda_v302,seq,175,172,04B1,BANK0_SEQ 9D37 primary fetch,0000,,,8F0F,000056A5,0000,0481,8F35,,,
144,genesis,zelda_v302,seq,175,173,04B3,BANK0_SEQ 9DBE pulse fetch,0016,,,8F0F,000056A5,0016,0481,8F35,,,
144,genesis,zelda_v302,seq,175,174,04B5,BANK0_SEQ 9E2C control fetch,0035,,,8F0F,000056A5,0035,0483,8F35,,,
144,genesis,zelda_v302,seq,175,175,04B7,BANK0_SEQ 9EA7 noise fetch,00CE,,,8F0F,000056A5,04CE,04FE,8F35,,,
145,genesis,zelda_v302,seq,179,176,04B1,BANK0_SEQ 9D37 primary fetch,0000,,,8F0F,000056A5,0000,0481,8F35,,,
145,genesis,zelda_v302,seq,179,177,04B3,BANK0_SEQ 9DBE pulse fetch,0016,,,8F0F,000056A5,0016,0481,8F35,,,
145,genesis,zelda_v302,seq,179,178,04B5,BANK0_SEQ 9E2C control fetch,0035,,,8F0F,000056A5,0035,0483,8F35,,,
145,genesis,zelda_v302,seq,179,179,04B7,BANK0_SEQ 9EA7 noise fetch,00CE,,,8F0F,000056A5,04CE,04FE,8F35,,,
146,genesis,zelda_v302,seq,183,180,04B1,BANK0_SEQ 9D37 primary fetch,0000,,,8F0F,000056A5,0000,0481,8F35,,,
146,genesis,zelda_v302,seq,183,181,04B3,BANK0_SEQ 9DBE pulse fetch,0016,,,8F0F,000056A5,0016,0481,8F35,,,
146,genesis,zelda_v302,seq,183,182,04B5,BANK0_SEQ 9E2C control fetch,0035,,,8F0F,000056A5,0035,0483,8F35,,,
146,genesis,zelda_v302,seq,183,183,04B7,BANK0_SEQ 9EA7 noise fetch,00CE,,,8F0F,000056A5,04CE,04FE,8F35,,,
147,genesis,zelda_v302,seq,187,184,04B1,BANK0_SEQ 9D37 primary fetch,0000,,,8F0F,000056A5,0000,0481,8F35,,,
147,genesis,zelda_v302,seq,187,185,04B3,BANK0_SEQ 9DBE pulse fetch,0016,,,8F0F,000056A5,0016,0481,8F35,,,
147,genesis,zelda_v302,seq,187,186,04B5,BANK0_SEQ 9E2C control fetch,0035,,,8F0F,000056A5,0035,0483,8F35,,,
147,genesis,zelda_v302,seq,187,187,04B7,BANK0_SEQ 9EA7 noise fetch,00CE,,,8F0F,000056A5,04CE,04FE,8F35,,,
148,genesis,zelda_v302,seq,191,188,04B1,BANK0_SEQ 9D37 primary fetch,0000,,,8F0F,000056A5,0000,0481,8F35,,,
148,genesis,zelda_v302,seq,191,189,04B3,BANK0_SEQ 9DBE pulse fetch,0016,,,8F0F,000056A5,0016,0481,8F35,,,
148,genesis,zelda_v302,seq,191,190,04B5,BANK0_SEQ 9E2C control fetch,0035,,,8F0F,000056A5,0035,0483,8F35,,,
148,genesis,zelda_v302,seq,191,191,04B7,BANK0_SEQ 9EA7 noise fetch,00CE,,,8F0F,000056A5,04CE,04FE,8F35,,,
149,genesis,zelda_v302,seq,195,192,04B1,BANK0_SEQ 9D37 primary fetch,0000,,,8F0F,000056A5,0000,0481,8F35,,,
149,genesis,zelda_v302,seq,195,193,04B3,BANK0_SEQ 9DBE pulse fetch,0016,,,8F0F,000056A5,0016,0481,8F35,,,
149,genesis,zelda_v302,seq,195,194,04B5,BANK0_SEQ 9E2C control fetch,0035,,,8F0F,000056A5,0035,0483,8F35,,,
149,genesis,zelda_v302,seq,195,195,04B7,BANK0_SEQ 9EA7 noise fetch,00CE,,,8F0F,000056A5,04CE,04FE,8F35,,,
150,genesis,zelda_v302,seq,199,196,04B1,BANK0_SEQ 9D37 primary fetch,0000,,,8F0F,000056A5,0000,0481,8F35,,,
150,genesis,zelda_v302,seq,199,197,04B3,BANK0_SEQ 9DBE pulse fetch,0016,,,8F0F,000056A5,0016,0481,8F35,,,
150,genesis,zelda_v302,seq,199,198,04B5,BANK0_SEQ 9E2C control fetch,0035,,,8F0F,000056A5,0035,0483,8F35,,,
150,genesis,zelda_v302,seq,199,199,04B7,BANK0_SEQ 9EA7 noise fetch,00CE,,,8F0F,000056A5,04CE,04FE,8F35,,,
151,genesis,zelda_v302,seq,203,200,04B1,BANK0_SEQ 9D37 primary fetch,0000,,,8F0F,000056A5,0000,0481,8F35,,,
151,genesis,zelda_v302,seq,203,201,04B3,BANK0_SEQ 9DBE pulse fetch,0016,,,8F0F,000056A5,0016,0481,8F35,,,
151,genesis,zelda_v302,seq,203,202,04B5,BANK0_SEQ 9E2C control fetch,0035,,,8F0F,000056A5,0035,0483,8F35,,,
151,genesis,zelda_v302,seq,203,203,04B7,BANK0_SEQ 9EA7 noise fetch,00CE,,,8F0F,000056A5,04CE,04FE,8F35,,,
152,genesis,zelda_v302,seq,207,204,04B1,BANK0_SEQ 9D37 primary fetch,0000,,,8F0F,000056A5,0000,0481,8F35,,,
152,genesis,zelda_v302,seq,207,205,04B3,BANK0_SEQ 9DBE pulse fetch,0016,,,8F0F,000056A5,0016,0481,8F35,,,
152,genesis,zelda_v302,seq,207,206,04B5,BANK0_SEQ 9E2C control fetch,0035,,,8F0F,000056A5,0035,0483,8F35,,,
152,genesis,zelda_v302,seq,207,207,04B7,BANK0_SEQ 9EA7 noise fetch,00CE,,,8F0F,000056A5,04CE,04FE,8F35,,,
153,genesis,zelda_v302,seq,211,208,04B1,BANK0_SEQ 9D37 primary fetch,0000,,,8F0F,000056A5,0000,0481,8F35,,,
153,genesis,zelda_v302,seq,211,209,04B3,BANK0_SEQ 9DBE pulse fetch,0016,,,8F0F,000056A5,0016,0481,8F35,,,
153,genesis,zelda_v302,seq,211,210,04B5,BANK0_SEQ 9E2C control fetch,0035,,,8F0F,000056A5,0035,0483,8F35,,,
153,genesis,zelda_v302,seq,211,211,04B7,BANK0_SEQ 9EA7 noise fetch,00CE,,,8F0F,000056A5,04CE,04FE,8F35,,,
154,genesis,zelda_v302,seq,215,212,04B1,BANK0_SEQ 9D37 primary fetch,0000,,,8F0F,000056A5,0000,0481,8F35,,,
154,genesis,zelda_v302,seq,215,213,04B3,BANK0_SEQ 9DBE pulse fetch,0016,,,8F0F,000056A5,0016,0481,8F35,,,
154,genesis,zelda_v302,seq,215,214,04B5,BANK0_SEQ 9E2C control fetch,0035,,,8F0F,000056A5,0035,0483,8F35,,,
154,genesis,zelda_v302,seq,215,215,04B7,BANK0_SEQ 9EA7 noise fetch,00CE,,,8F0F,000056A5,04CE,04FE,8F35,,,
155,genesis,zelda_v302,seq,219,216,04B1,BANK0_SEQ 9D37 primary fetch,0000,,,8F0F,000056A5,0000,0481,8F35,,,
155,genesis,zelda_v302,seq,219,217,04B3,BANK0_SEQ 9DBE pulse fetch,0016,,,8F0F,000056A5,0016,0481,8F35,,,
155,genesis,zelda_v302,seq,219,218,04B5,BANK0_SEQ 9E2C control fetch,0035,,,8F0F,000056A5,0035,0483,8F35,,,
155,genesis,zelda_v302,seq,219,219,04B7,BANK0_SEQ 9EA7 noise fetch,00CE,,,8F0F,000056A5,04CE,04FE,8F35,,,
156,genesis,zelda_v302,seq,223,220,04B1,BANK0_SEQ 9D37 primary fetch,0000,,,8F0F,000056A5,0000,0481,8F35,,,
156,genesis,zelda_v302,seq,223,221,04B3,BANK0_SEQ 9DBE pulse fetch,0016,,,8F0F,000056A5,0016,0481,8F35,,,
156,genesis,zelda_v302,seq,223,222,04B5,BANK0_SEQ 9E2C control fetch,0035,,,8F0F,000056A5,0035,0483,8F35,,,
156,genesis,zelda_v302,seq,223,223,04B7,BANK0_SEQ 9EA7 noise fetch,00CE,,,8F0F,000056A5,04CE,04FE,8F35,,,
157,genesis,zelda_v302,seq,227,224,04B1,BANK0_SEQ 9D37 primary fetch,0000,,,8F0F,000056A5,0000,0481,8F35,,,
157,genesis,zelda_v302,seq,227,225,04B3,BANK0_SEQ 9DBE pulse fetch,0016,,,8F0F,000056A5,0016,0481,8F35,,,
157,genesis,zelda_v302,seq,227,226,04B5,BANK0_SEQ 9E2C control fetch,0035,,,8F0F,000056A5,0035,0483,8F35,,,
157,genesis,zelda_v302,seq,227,227,04B7,BANK0_SEQ 9EA7 noise fetch,00CE,,,8F0F,000056A5,04CE,04FE,8F35,,,
158,genesis,zelda_v302,seq,231,228,04B1,BANK0_SEQ 9D37 primary fetch,0000,,,8F0F,000056A5,0000,0481,8F35,,,
158,genesis,zelda_v302,seq,231,229,04B3,BANK0_SEQ 9DBE pulse fetch,0016,,,8F0F,000056A5,0016,0481,8F35,,,
158,genesis,zelda_v302,seq,231,230,04B5,BANK0_SEQ 9E2C control fetch,0035,,,8F0F,000056A5,0035,0483,8F35,,,
158,genesis,zelda_v302,seq,231,231,04B7,BANK0_SEQ 9EA7 noise fetch,00CE,,,8F0F,000056A5,04CE,04FE,8F35,,,
159,genesis,zelda_v302,seq,235,232,04B1,BANK0_SEQ 9D37 primary fetch,0000,,,8F0F,000056A5,0000,0481,8F35,,,
159,genesis,zelda_v302,seq,235,233,04B3,BANK0_SEQ 9DBE pulse fetch,0016,,,8F0F,000056A5,0016,0481,8F35,,,
159,genesis,zelda_v302,seq,235,234,04B5,BANK0_SEQ 9E2C control fetch,0035,,,8F0F,000056A5,0035,0483,8F35,,,
159,genesis,zelda_v302,seq,235,235,04B7,BANK0_SEQ 9EA7 noise fetch,00CE,,,8F0F,000056A5,04CE,04FE,8F35,,,
160,genesis,zelda_v302,seq,239,236,04B1,BANK0_SEQ 9D37 primary fetch,0000,,,8F0F,000056A5,0000,0481,8F35,,,
160,genesis,zelda_v302,seq,239,237,04B3,BANK0_SEQ 9DBE pulse fetch,0016,,,8F0F,000056A5,0016,0481,8F35,,,
160,genesis,zelda_v302,seq,239,238,04B5,BANK0_SEQ 9E2C control fetch,0035,,,8F0F,000056A5,0035,0483,8F35,,,
160,genesis,zelda_v302,seq,239,239,04B7,BANK0_SEQ 9EA7 noise fetch,00CE,,,8F0F,000056A5,04CE,04FE,8F35,,,
161,genesis,zelda_v302,seq,243,240,04B1,BANK0_SEQ 9D37 primary fetch,0000,,,8F0F,000056A5,0000,0481,8F35,,,
161,genesis,zelda_v302,seq,243,241,04B3,BANK0_SEQ 9DBE pulse fetch,0016,,,8F0F,000056A5,0016,0481,8F35,,,
161,genesis,zelda_v302,seq,243,242,04B5,BANK0_SEQ 9E2C control fetch,0035,,,8F0F,000056A5,0035,0483,8F35,,,
161,genesis,zelda_v302,seq,243,243,04B7,BANK0_SEQ 9EA7 noise fetch,00CE,,,8F0F,000056A5,04CE,04FE,8F35,,,
162,genesis,zelda_v302,seq,247,244,04B1,BANK0_SEQ 9D37 primary fetch,0000,,,8F0F,000056A5,0000,0481,8F35,,,
162,genesis,zelda_v302,seq,247,245,04B3,BANK0_SEQ 9DBE pulse fetch,0016,,,8F0F,000056A5,0016,0481,8F35,,,
162,genesis,zelda_v302,seq,247,246,04B5,BANK0_SEQ 9E2C control fetch,0035,,,8F0F,000056A5,0035,0483,8F35,,,
162,genesis,zelda_v302,seq,247,247,04B7,BANK0_SEQ 9EA7 noise fetch,00CE,,,8F0F,000056A5,04CE,04FE,8F35,,,
163,genesis,zelda_v302,seq,251,248,04B1,BANK0_SEQ 9D37 primary fetch,0000,,,8F0F,000056A5,0000,0481,8F35,,,
163,genesis,zelda_v302,seq,251,249,04B3,BANK0_SEQ 9DBE pulse fetch,0016,,,8F0F,000056A5,0016,0481,8F35,,,
163,genesis,zelda_v302,seq,251,250,04B5,BANK0_SEQ 9E2C control fetch,0035,,,8F0F,000056A5,0035,0483,8F35,,,
163,genesis,zelda_v302,seq,251,251,04B7,BANK0_SEQ 9EA7 noise fetch,00CE,,,8F0F,000056A5,04CE,04FE,8F35,,,
164,genesis,zelda_v302,seq,255,252,04B1,BANK0_SEQ 9D37 primary fetch,0000,,,8F0F,000056A5,0000,0481,8F35,,,
164,genesis,zelda_v302,seq,255,253,04B3,BANK0_SEQ 9DBE pulse fetch,0016,,,8F0F,000056A5,0016,0481,8F35,,,
164,genesis,zelda_v302,seq,255,254,04B5,BANK0_SEQ 9E2C control fetch,0035,,,8F0F,000056A5,0035,0483,8F35,,,
164,genesis,zelda_v302,seq,255,255,04B7,BANK0_SEQ 9EA7 noise fetch,00CE,,,8F0F,000056A5,04CE,04FE,8F35,,,
165,genesis,zelda_v302,seq,259,256,04B1,BANK0_SEQ 9D37 primary fetch,0000,,,8F0F,000056A5,0000,0481,8F35,,,
165,genesis,zelda_v302,seq,259,257,04B3,BANK0_SEQ 9DBE pulse fetch,0016,,,8F0F,000056A5,0016,0481,8F35,,,
165,genesis,zelda_v302,seq,259,258,04B5,BANK0_SEQ 9E2C control fetch,0035,,,8F0F,000056A5,0035,0483,8F35,,,
165,genesis,zelda_v302,seq,259,259,04B7,BANK0_SEQ 9EA7 noise fetch,00CE,,,8F0F,000056A5,04CE,04FE,8F35,,,
166,genesis,zelda_v302,seq,263,260,04B1,BANK0_SEQ 9D37 primary fetch,0000,,,8F0F,000056A5,0000,0481,8F35,,,
166,genesis,zelda_v302,seq,263,261,04B3,BANK0_SEQ 9DBE pulse fetch,0016,,,8F0F,000056A5,0016,0481,8F35,,,
166,genesis,zelda_v302,seq,263,262,04B5,BANK0_SEQ 9E2C control fetch,0035,,,8F0F,000056A5,0035,0483,8F35,,,
166,genesis,zelda_v302,seq,263,263,04B7,BANK0_SEQ 9EA7 noise fetch,00CE,,,8F0F,000056A5,04CE,04FE,8F35,,,
167,genesis,zelda_v302,seq,267,264,04B1,BANK0_SEQ 9D37 primary fetch,0000,,,8F0F,000056A5,0000,0481,8F35,,,
167,genesis,zelda_v302,seq,267,265,04B3,BANK0_SEQ 9DBE pulse fetch,0016,,,8F0F,000056A5,0016,0481,8F35,,,
167,genesis,zelda_v302,seq,267,266,04B5,BANK0_SEQ 9E2C control fetch,0035,,,8F0F,000056A5,0035,0483,8F35,,,
167,genesis,zelda_v302,seq,267,267,04B7,BANK0_SEQ 9EA7 noise fetch,00CE,,,8F0F,000056A5,04CE,04FE,8F35,,,
168,genesis,zelda_v302,seq,271,268,04B1,BANK0_SEQ 9D37 primary fetch,0000,,,8F0F,000056A5,0000,0481,8F35,,,
168,genesis,zelda_v302,seq,271,269,04B3,BANK0_SEQ 9DBE pulse fetch,0016,,,8F0F,000056A5,0016,0481,8F35,,,
168,genesis,zelda_v302,seq,271,270,04B5,BANK0_SEQ 9E2C control fetch,0035,,,8F0F,000056A5,0035,0483,8F35,,,
168,genesis,zelda_v302,seq,271,271,04B7,BANK0_SEQ 9EA7 noise fetch,00CE,,,8F0F,000056A5,04CE,04FE,8F35,,,
169,genesis,zelda_v302,seq,275,272,04B1,BANK0_SEQ 9D37 primary fetch,0000,,,8F0F,000056A5,0000,0481,8F35,,,
169,genesis,zelda_v302,seq,275,273,04B3,BANK0_SEQ 9DBE pulse fetch,0016,,,8F0F,000056A5,0016,0481,8F35,,,
169,genesis,zelda_v302,seq,275,274,04B5,BANK0_SEQ 9E2C control fetch,0035,,,8F0F,000056A5,0035,0483,8F35,,,
169,genesis,zelda_v302,seq,275,275,04B7,BANK0_SEQ 9EA7 noise fetch,00CE,,,8F0F,000056A5,04CE,04FE,8F35,,,
170,genesis,zelda_v302,seq,279,276,04B1,BANK0_SEQ 9D37 primary fetch,0000,,,8F0F,000056A5,0000,0481,8F35,,,
170,genesis,zelda_v302,seq,279,277,04B3,BANK0_SEQ 9DBE pulse fetch,0016,,,8F0F,000056A5,0016,0481,8F35,,,
170,genesis,zelda_v302,seq,279,278,04B5,BANK0_SEQ 9E2C control fetch,0035,,,8F0F,000056A5,0035,0483,8F35,,,
170,genesis,zelda_v302,seq,279,279,04B7,BANK0_SEQ 9EA7 noise fetch,00CE,,,8F0F,000056A5,04CE,04FE,8F35,,,
171,genesis,zelda_v302,seq,283,280,04B1,BANK0_SEQ 9D37 primary fetch,0000,,,8F0F,000056A5,0000,0481,8F35,,,
171,genesis,zelda_v302,seq,283,281,04B3,BANK0_SEQ 9DBE pulse fetch,0016,,,8F0F,000056A5,0016,0481,8F35,,,
171,genesis,zelda_v302,seq,283,282,04B5,BANK0_SEQ 9E2C control fetch,0035,,,8F0F,000056A5,0035,0483,8F35,,,
171,genesis,zelda_v302,seq,283,283,04B7,BANK0_SEQ 9EA7 noise fetch,00CE,,,8F0F,000056A5,04CE,04FE,8F35,,,
172,genesis,zelda_v302,seq,287,284,04B1,BANK0_SEQ 9D37 primary fetch,0000,,,8F0F,000056A5,0000,0481,8F35,,,
172,genesis,zelda_v302,seq,287,285,04B3,BANK0_SEQ 9DBE pulse fetch,0016,,,8F0F,000056A5,0016,0481,8F35,,,
172,genesis,zelda_v302,seq,287,286,04B5,BANK0_SEQ 9E2C control fetch,0035,,,8F0F,000056A5,0035,0483,8F35,,,
172,genesis,zelda_v302,seq,287,287,04B7,BANK0_SEQ 9EA7 noise fetch,00CE,,,8F0F,000056A5,04CE,04FE,8F35,,,
173,genesis,zelda_v302,seq,291,288,04B1,BANK0_SEQ 9D37 primary fetch,0000,,,8F0F,000056A5,0000,0481,8F35,,,
173,genesis,zelda_v302,seq,291,289,04B3,BANK0_SEQ 9DBE pulse fetch,0016,,,8F0F,000056A5,0016,0481,8F35,,,
173,genesis,zelda_v302,seq,291,290,04B5,BANK0_SEQ 9E2C control fetch,0035,,,8F0F,000056A5,0035,0483,8F35,,,
173,genesis,zelda_v302,seq,291,291,04B7,BANK0_SEQ 9EA7 noise fetch,00CE,,,8F0F,000056A5,04CE,04FE,8F35,,,
174,genesis,zelda_v302,seq,295,292,04B1,BANK0_SEQ 9D37 primary fetch,0000,,,8F0F,000056A5,0000,0481,8F35,,,
174,genesis,zelda_v302,seq,295,293,04B3,BANK0_SEQ 9DBE pulse fetch,0016,,,8F0F,000056A5,0016,0481,8F35,,,
174,genesis,zelda_v302,seq,295,294,04B5,BANK0_SEQ 9E2C control fetch,0035,,,8F0F,000056A5,0035,0483,8F35,,,
174,genesis,zelda_v302,seq,295,295,04B7,BANK0_SEQ 9EA7 noise fetch,00CE,,,8F0F,000056A5,04CE,04FE,8F35,,,
175,genesis,zelda_v302,seq,299,296,04B1,BANK0_SEQ 9D37 primary fetch,0000,,,8F0F,000056A5,0000,0481,8F35,,,
175,genesis,zelda_v302,seq,299,297,04B3,BANK0_SEQ 9DBE pulse fetch,0016,,,8F0F,000056A5,0016,0481,8F35,,,
175,genesis,zelda_v302,seq,299,298,04B5,BANK0_SEQ 9E2C control fetch,0035,,,8F0F,000056A5,0035,0483,8F35,,,
175,genesis,zelda_v302,seq,299,299,04B7,BANK0_SEQ 9EA7 noise fetch,00CE,,,8F0F,000056A5,04CE,04FE,8F35,,,
176,genesis,zelda_v302,seq,303,300,04B1,BANK0_SEQ 9D37 primary fetch,0000,,,8F0F,000056A5,0000,0481,8F35,,,
176,genesis,zelda_v302,seq,303,301,04B3,BANK0_SEQ 9DBE pulse fetch,0016,,,8F0F,000056A5,0016,0481,8F35,,,
176,genesis,zelda_v302,seq,303,302,04B5,BANK0_SEQ 9E2C control fetch,0035,,,8F0F,000056A5,0035,0483,8F35,,,
176,genesis,zelda_v302,seq,303,303,04B7,BANK0_SEQ 9EA7 noise fetch,00CE,,,8F0F,000056A5,04CE,04FE,8F35,,,
177,genesis,zelda_v302,seq,307,304,04B1,BANK0_SEQ 9D37 primary fetch,0000,,,8F0F,000056A5,0000,0481,8F35,,,
177,genesis,zelda_v302,seq,307,305,04B3,BANK0_SEQ 9DBE pulse fetch,0016,,,8F0F,000056A5,0016,0481,8F35,,,
177,genesis,zelda_v302,seq,307,306,04B5,BANK0_SEQ 9E2C control fetch,0035,,,8F0F,000056A5,0035,0483,8F35,,,
177,genesis,zelda_v302,seq,307,307,04B7,BANK0_SEQ 9EA7 noise fetch,00CE,,,8F0F,000056A5,04CE,04FE,8F35,,,
178,genesis,zelda_v302,seq,311,308,04B1,BANK0_SEQ 9D37 primary fetch,0000,,,8F0F,000056A5,0000,0481,8F35,,,
178,genesis,zelda_v302,seq,311,309,04B3,BANK0_SEQ 9DBE pulse fetch,0016,,,8F0F,000056A5,0016,0481,8F35,,,
178,genesis,zelda_v302,seq,311,310,04B5,BANK0_SEQ 9E2C control fetch,0035,,,8F0F,000056A5,0035,0483,8F35,,,
178,genesis,zelda_v302,seq,311,311,04B7,BANK0_SEQ 9EA7 noise fetch,00CE,,,8F0F,000056A5,04CE,04FE,8F35,,,
179,genesis,zelda_v302,seq,315,312,04B1,BANK0_SEQ 9D37 primary fetch,0000,,,8F0F,000056A5,0000,0481,8F35,,,
179,genesis,zelda_v302,seq,315,313,04B3,BANK0_SEQ 9DBE pulse fetch,0016,,,8F0F,000056A5,0016,0481,8F35,,,
179,genesis,zelda_v302,seq,315,314,04B5,BANK0_SEQ 9E2C control fetch,0035,,,8F0F,000056A5,0035,0483,8F35,,,
179,genesis,zelda_v302,seq,315,315,04B7,BANK0_SEQ 9EA7 noise fetch,00CE,,,8F0F,000056A5,04CE,04FE,8F35,,,
180,genesis,zelda_v302,seq,319,316,04B1,BANK0_SEQ 9D37 primary fetch,0000,,,8F0F,000056A5,0000,0481,8F35,,,
180,genesis,zelda_v302,seq,319,317,04B3,BANK0_SEQ 9DBE pulse fetch,0016,,,8F0F,000056A5,0016,0481,8F35,,,
180,genesis,zelda_v302,seq,319,318,04B5,BANK0_SEQ 9E2C control fetch,0035,,,8F0F,000056A5,0035,0483,8F35,,,
180,genesis,zelda_v302,seq,319,319,04B7,BANK0_SEQ 9EA7 noise fetch,00CE,,,8F0F,000056A5,04CE,04FE,8F35,,,
181,genesis,zelda_v302,seq,323,320,04B1,BANK0_SEQ 9D37 primary fetch,0000,,,8F0F,000056A5,0000,0481,8F35,,,
181,genesis,zelda_v302,seq,323,321,04B3,BANK0_SEQ 9DBE pulse fetch,0016,,,8F0F,000056A5,0016,0481,8F35,,,
181,genesis,zelda_v302,seq,323,322,04B5,BANK0_SEQ 9E2C control fetch,0035,,,8F0F,000056A5,0035,0483,8F35,,,
181,genesis,zelda_v302,seq,323,323,04B7,BANK0_SEQ 9EA7 noise fetch,00CE,,,8F0F,000056A5,04CE,04FE,8F35,,,
182,genesis,zelda_v302,seq,327,324,04B1,BANK0_SEQ 9D37 primary fetch,0000,,,8F0F,000056A5,0000,0481,8F35,,,
182,genesis,zelda_v302,seq,327,325,04B3,BANK0_SEQ 9DBE pulse fetch,0016,,,8F0F,000056A5,0016,0481,8F35,,,
182,genesis,zelda_v302,seq,327,326,04B5,BANK0_SEQ 9E2C control fetch,0035,,,8F0F,000056A5,0035,0483,8F35,,,
182,genesis,zelda_v302,seq,327,327,04B7,BANK0_SEQ 9EA7 noise fetch,00CE,,,8F0F,000056A5,04CE,04FE,8F35,,,
183,genesis,zelda_v302,seq,331,328,04B1,BANK0_SEQ 9D37 primary fetch,0000,,,8F0F,000056A5,0000,0481,8F35,,,
183,genesis,zelda_v302,seq,331,329,04B3,BANK0_SEQ 9DBE pulse fetch,0016,,,8F0F,000056A5,0016,0481,8F35,,,
183,genesis,zelda_v302,seq,331,330,04B5,BANK0_SEQ 9E2C control fetch,0035,,,8F0F,000056A5,0035,0483,8F35,,,
183,genesis,zelda_v302,seq,331,331,04B7,BANK0_SEQ 9EA7 noise fetch,00CE,,,8F0F,000056A5,04CE,04FE,8F35,,,
184,genesis,zelda_v302,seq,335,332,04B1,BANK0_SEQ 9D37 primary fetch,0000,,,8F0F,000056A5,0000,0481,8F35,,,
184,genesis,zelda_v302,seq,335,333,04B3,BANK0_SEQ 9DBE pulse fetch,0016,,,8F0F,000056A5,0016,0481,8F35,,,
184,genesis,zelda_v302,seq,335,334,04B5,BANK0_SEQ 9E2C control fetch,0035,,,8F0F,000056A5,0035,0483,8F35,,,
184,genesis,zelda_v302,seq,335,335,04B7,BANK0_SEQ 9EA7 noise fetch,00CE,,,8F0F,000056A5,04CE,04FE,8F35,,,
185,genesis,zelda_v302,seq,339,336,04B1,BANK0_SEQ 9D37 primary fetch,0000,,,8F0F,000056A5,0000,0481,8F35,,,
185,genesis,zelda_v302,seq,339,337,04B3,BANK0_SEQ 9DBE pulse fetch,0016,,,8F0F,000056A5,0016,0481,8F35,,,
185,genesis,zelda_v302,seq,339,338,04B5,BANK0_SEQ 9E2C control fetch,0035,,,8F0F,000056A5,0035,0483,8F35,,,
185,genesis,zelda_v302,seq,339,339,04B7,BANK0_SEQ 9EA7 noise fetch,00CE,,,8F0F,000056A5,04CE,04FE,8F35,,,
186,genesis,zelda_v302,seq,343,340,04B1,BANK0_SEQ 9D37 primary fetch,0000,,,8F0F,000056A5,0000,0481,8F35,,,
186,genesis,zelda_v302,seq,343,341,04B3,BANK0_SEQ 9DBE pulse fetch,0016,,,8F0F,000056A5,0016,0481,8F35,,,
186,genesis,zelda_v302,seq,343,342,04B5,BANK0_SEQ 9E2C control fetch,0035,,,8F0F,000056A5,0035,0483,8F35,,,
186,genesis,zelda_v302,seq,343,343,04B7,BANK0_SEQ 9EA7 noise fetch,00CE,,,8F0F,000056A5,04CE,04FE,8F35,,,
187,genesis,zelda_v302,seq,347,344,04B1,BANK0_SEQ 9D37 primary fetch,0000,,,8F0F,000056A5,0000,0481,8F35,,,
187,genesis,zelda_v302,seq,347,345,04B3,BANK0_SEQ 9DBE pulse fetch,0016,,,8F0F,000056A5,0016,0481,8F35,,,
187,genesis,zelda_v302,seq,347,346,04B5,BANK0_SEQ 9E2C control fetch,0035,,,8F0F,000056A5,0035,0483,8F35,,,
187,genesis,zelda_v302,seq,347,347,04B7,BANK0_SEQ 9EA7 noise fetch,00CE,,,8F0F,000056A5,04CE,04FE,8F35,,,
188,genesis,zelda_v302,seq,351,348,04B1,BANK0_SEQ 9D37 primary fetch,0000,,,8F0F,000056A5,0000,0481,8F35,,,
188,genesis,zelda_v302,seq,351,349,04B3,BANK0_SEQ 9DBE pulse fetch,0016,,,8F0F,000056A5,0016,0481,8F35,,,
188,genesis,zelda_v302,seq,351,350,04B5,BANK0_SEQ 9E2C control fetch,0035,,,8F0F,000056A5,0035,0483,8F35,,,
188,genesis,zelda_v302,seq,351,351,04B7,BANK0_SEQ 9EA7 noise fetch,00CE,,,8F0F,000056A5,04CE,04FE,8F35,,,
189,genesis,zelda_v302,seq,355,352,04B1,BANK0_SEQ 9D37 primary fetch,0000,,,8F0F,000056A5,0000,0481,8F35,,,
189,genesis,zelda_v302,seq,355,353,04B3,BANK0_SEQ 9DBE pulse fetch,0016,,,8F0F,000056A5,0016,0481,8F35,,,
189,genesis,zelda_v302,seq,355,354,04B5,BANK0_SEQ 9E2C control fetch,0035,,,8F0F,000056A5,0035,0483,8F35,,,
189,genesis,zelda_v302,seq,355,355,04B7,BANK0_SEQ 9EA7 noise fetch,00CE,,,8F0F,000056A5,04CE,04FE,8F35,,,
190,genesis,zelda_v302,seq,359,356,04B1,BANK0_SEQ 9D37 primary fetch,0000,,,8F0F,000056A5,0000,0481,8F35,,,
190,genesis,zelda_v302,seq,359,357,04B3,BANK0_SEQ 9DBE pulse fetch,0016,,,8F0F,000056A5,0016,0481,8F35,,,
190,genesis,zelda_v302,seq,359,358,04B5,BANK0_SEQ 9E2C control fetch,0035,,,8F0F,000056A5,0035,0483,8F35,,,
190,genesis,zelda_v302,seq,359,359,04B7,BANK0_SEQ 9EA7 noise fetch,00CE,,,8F0F,000056A5,04CE,04FE,8F35,,,
191,genesis,zelda_v302,seq,363,360,04B1,BANK0_SEQ 9D37 primary fetch,0000,,,8F0F,000056A5,0000,0481,8F35,,,
191,genesis,zelda_v302,seq,363,361,04B3,BANK0_SEQ 9DBE pulse fetch,0016,,,8F0F,000056A5,0016,0481,8F35,,,
191,genesis,zelda_v302,seq,363,362,04B5,BANK0_SEQ 9E2C control fetch,0035,,,8F0F,000056A5,0035,0483,8F35,,,
191,genesis,zelda_v302,seq,363,363,04B7,BANK0_SEQ 9EA7 noise fetch,00CE,,,8F0F,000056A5,04CE,04FE,8F35,,,
192,genesis,zelda_v302,seq,367,364,04B1,BANK0_SEQ 9D37 primary fetch,0000,,,8F0F,000056A5,0000,0481,8F35,,,
192,genesis,zelda_v302,seq,367,365,04B3,BANK0_SEQ 9DBE pulse fetch,0016,,,8F0F,000056A5,0016,0481,8F35,,,
192,genesis,zelda_v302,seq,367,366,04B5,BANK0_SEQ 9E2C control fetch,0035,,,8F0F,000056A5,0035,0483,8F35,,,
192,genesis,zelda_v302,seq,367,367,04B7,BANK0_SEQ 9EA7 noise fetch,00CE,,,8F0F,000056A5,04CE,04FE,8F35,,,
193,genesis,zelda_v302,seq,371,368,04B1,BANK0_SEQ 9D37 primary fetch,0000,,,8F0F,000056A5,0000,0481,8F35,,,
193,genesis,zelda_v302,seq,371,369,04B3,BANK0_SEQ 9DBE pulse fetch,0016,,,8F0F,000056A5,0016,0481,8F35,,,
193,genesis,zelda_v302,seq,371,370,04B5,BANK0_SEQ 9E2C control fetch,0035,,,8F0F,000056A5,0035,0483,8F35,,,
193,genesis,zelda_v302,seq,371,371,04B7,BANK0_SEQ 9EA7 noise fetch,00CE,,,8F0F,000056A5,04CE,04FE,8F35,,,
194,genesis,zelda_v302,seq,375,372,04B1,BANK0_SEQ 9D37 primary fetch,0000,,,8F0F,000056A5,0000,0481,8F35,,,
194,genesis,zelda_v302,seq,375,373,04B3,BANK0_SEQ 9DBE pulse fetch,0016,,,8F0F,000056A5,0016,0481,8F35,,,
194,genesis,zelda_v302,seq,375,374,04B5,BANK0_SEQ 9E2C control fetch,0035,,,8F0F,000056A5,0035,0483,8F35,,,
194,genesis,zelda_v302,seq,375,375,04B7,BANK0_SEQ 9EA7 noise fetch,00CE,,,8F0F,000056A5,04CE,04FE,8F35,,,
195,genesis,zelda_v302,seq,379,376,04B1,BANK0_SEQ 9D37 primary fetch,0000,,,8F0F,000056A5,0000,0481,8F35,,,
195,genesis,zelda_v302,seq,379,377,04B3,BANK0_SEQ 9DBE pulse fetch,0016,,,8F0F,000056A5,0016,0481,8F35,,,
195,genesis,zelda_v302,seq,379,378,04B5,BANK0_SEQ 9E2C control fetch,0035,,,8F0F,000056A5,0035,0483,8F35,,,
195,genesis,zelda_v302,seq,379,379,04B7,BANK0_SEQ 9EA7 noise fetch,00CE,,,8F0F,000056A5,04CE,04FE,8F35,,,
196,genesis,zelda_v302,seq,383,380,04B1,BANK0_SEQ 9D37 primary fetch,0000,,,8F0F,000056A5,0000,0481,8F35,,,
196,genesis,zelda_v302,seq,383,381,04B3,BANK0_SEQ 9DBE pulse fetch,0016,,,8F0F,000056A5,0016,0481,8F35,,,
196,genesis,zelda_v302,seq,383,382,04B5,BANK0_SEQ 9E2C control fetch,0035,,,8F0F,000056A5,0035,0483,8F35,,,
196,genesis,zelda_v302,seq,383,383,04B7,BANK0_SEQ 9EA7 noise fetch,00CE,,,8F0F,000056A5,04CE,04FE,8F35,,,
197,genesis,zelda_v302,seq,387,384,04B1,BANK0_SEQ 9D37 primary fetch,0000,,,8F0F,000056A5,0000,0481,8F35,,,
197,genesis,zelda_v302,seq,387,385,04B3,BANK0_SEQ 9DBE pulse fetch,0016,,,8F0F,000056A5,0016,0481,8F35,,,
197,genesis,zelda_v302,seq,387,386,04B5,BANK0_SEQ 9E2C control fetch,0035,,,8F0F,000056A5,0035,0483,8F35,,,
197,genesis,zelda_v302,seq,387,387,04B7,BANK0_SEQ 9EA7 noise fetch,00CE,,,8F0F,000056A5,04CE,04FE,8F35,,,
198,genesis,zelda_v302,seq,391,388,04B1,BANK0_SEQ 9D37 primary fetch,0000,,,8F0F,000056A5,0000,0481,8F35,,,
198,genesis,zelda_v302,seq,391,389,04B3,BANK0_SEQ 9DBE pulse fetch,0016,,,8F0F,000056A5,0016,0481,8F35,,,
198,genesis,zelda_v302,seq,391,390,04B5,BANK0_SEQ 9E2C control fetch,0035,,,8F0F,000056A5,0035,0483,8F35,,,
198,genesis,zelda_v302,seq,391,391,04B7,BANK0_SEQ 9EA7 noise fetch,00CE,,,8F0F,000056A5,04CE,04FE,8F35,,,
199,genesis,zelda_v302,seq,395,392,04B1,BANK0_SEQ 9D37 primary fetch,0000,,,8F0F,000056A5,0000,0481,8F35,,,
199,genesis,zelda_v302,seq,395,393,04B3,BANK0_SEQ 9DBE pulse fetch,0016,,,8F0F,000056A5,0016,0481,8F35,,,
199,genesis,zelda_v302,seq,395,394,04B5,BANK0_SEQ 9E2C control fetch,0035,,,8F0F,000056A5,0035,0483,8F35,,,
199,genesis,zelda_v302,seq,395,395,04B7,BANK0_SEQ 9EA7 noise fetch,00CE,,,8F0F,000056A5,04CE,04FE,8F35,,,
200,genesis,zelda_v302,seq,399,396,04B1,BANK0_SEQ 9D37 primary fetch,0000,,,8F0F,000056A5,0000,0481,8F35,,,
200,genesis,zelda_v302,seq,399,397,04B3,BANK0_SEQ 9DBE pulse fetch,0016,,,8F0F,000056A5,0016,0481,8F35,,,
200,genesis,zelda_v302,seq,399,398,04B5,BANK0_SEQ 9E2C control fetch,0035,,,8F0F,000056A5,0035,0483,8F35,,,
200,genesis,zelda_v302,seq,399,399,04B7,BANK0_SEQ 9EA7 noise fetch,00CE,,,8F0F,000056A5,04CE,04FE,8F35,,,
201,genesis,zelda_v302,seq,403,400,04B1,BANK0_SEQ 9D37 primary fetch,0000,,,8F0F,000056A5,0000,0481,8F35,,,
201,genesis,zelda_v302,seq,403,401,04B3,BANK0_SEQ 9DBE pulse fetch,0016,,,8F0F,000056A5,0016,0481,8F35,,,
201,genesis,zelda_v302,seq,403,402,04B5,BANK0_SEQ 9E2C control fetch,0035,,,8F0F,000056A5,0035,0483,8F35,,,
201,genesis,zelda_v302,seq,403,403,04B7,BANK0_SEQ 9EA7 noise fetch,00CE,,,8F0F,000056A5,04CE,04FE,8F35,,,
202,genesis,zelda_v302,seq,407,404,04B1,BANK0_SEQ 9D37 primary fetch,0000,,,8F0F,000056A5,0000,0481,8F35,,,
202,genesis,zelda_v302,seq,407,405,04B3,BANK0_SEQ 9DBE pulse fetch,0016,,,8F0F,000056A5,0016,0481,8F35,,,
202,genesis,zelda_v302,seq,407,406,04B5,BANK0_SEQ 9E2C control fetch,0035,,,8F0F,000056A5,0035,0483,8F35,,,
202,genesis,zelda_v302,seq,407,407,04B7,BANK0_SEQ 9EA7 noise fetch,00CE,,,8F0F,000056A5,04CE,04FE,8F35,,,
203,genesis,zelda_v302,seq,411,408,04B1,BANK0_SEQ 9D37 primary fetch,0000,,,8F0F,000056A5,0000,0481,8F35,,,
203,genesis,zelda_v302,seq,411,409,04B3,BANK0_SEQ 9DBE pulse fetch,0016,,,8F0F,000056A5,0016,0481,8F35,,,
203,genesis,zelda_v302,seq,411,410,04B5,BANK0_SEQ 9E2C control fetch,0035,,,8F0F,000056A5,0035,0483,8F35,,,
203,genesis,zelda_v302,seq,411,411,04B7,BANK0_SEQ 9EA7 noise fetch,00CE,,,8F0F,000056A5,04CE,04FE,8F35,,,
204,genesis,zelda_v302,seq,415,412,04B1,BANK0_SEQ 9D37 primary fetch,0000,,,8F0F,000056A5,0000,0481,8F35,,,
204,genesis,zelda_v302,seq,415,413,04B3,BANK0_SEQ 9DBE pulse fetch,0016,,,8F0F,000056A5,0016,0481,8F35,,,
204,genesis,zelda_v302,seq,415,414,04B5,BANK0_SEQ 9E2C control fetch,0035,,,8F0F,000056A5,0035,0483,8F35,,,
204,genesis,zelda_v302,seq,415,415,04B7,BANK0_SEQ 9EA7 noise fetch,00CE,,,8F0F,000056A5,04CE,04FE,8F35,,,
205,genesis,zelda_v302,seq,419,416,04B1,BANK0_SEQ 9D37 primary fetch,0000,,,8F0F,000056A5,0000,0481,8F35,,,
205,genesis,zelda_v302,seq,419,417,04B3,BANK0_SEQ 9DBE pulse fetch,0016,,,8F0F,000056A5,0016,0481,8F35,,,
205,genesis,zelda_v302,seq,419,418,04B5,BANK0_SEQ 9E2C control fetch,0035,,,8F0F,000056A5,0035,0483,8F35,,,
205,genesis,zelda_v302,seq,419,419,04B7,BANK0_SEQ 9EA7 noise fetch,00CE,,,8F0F,000056A5,04CE,04FE,8F35,,,
206,genesis,zelda_v302,seq,423,420,04B1,BANK0_SEQ 9D37 primary fetch,0000,,,8F0F,000056A5,0000,0481,8F35,,,
206,genesis,zelda_v302,seq,423,421,04B3,BANK0_SEQ 9DBE pulse fetch,0016,,,8F0F,000056A5,0016,0481,8F35,,,
206,genesis,zelda_v302,seq,423,422,04B5,BANK0_SEQ 9E2C control fetch,0035,,,8F0F,000056A5,0035,0483,8F35,,,
206,genesis,zelda_v302,seq,423,423,04B7,BANK0_SEQ 9EA7 noise fetch,00CE,,,8F0F,000056A5,04CE,04FE,8F35,,,
207,genesis,zelda_v302,seq,427,424,04B1,BANK0_SEQ 9D37 primary fetch,0000,,,8F0F,000056A5,0000,0481,8F35,,,
207,genesis,zelda_v302,seq,427,425,04B3,BANK0_SEQ 9DBE pulse fetch,0016,,,8F0F,000056A5,0016,0481,8F35,,,
207,genesis,zelda_v302,seq,427,426,04B5,BANK0_SEQ 9E2C control fetch,0035,,,8F0F,000056A5,0035,0483,8F35,,,
207,genesis,zelda_v302,seq,427,427,04B7,BANK0_SEQ 9EA7 noise fetch,00CE,,,8F0F,000056A5,04CE,04FE,8F35,,,
208,genesis,zelda_v302,seq,431,428,04B1,BANK0_SEQ 9D37 primary fetch,0000,,,8F0F,000056A5,0000,0481,8F35,,,
208,genesis,zelda_v302,seq,431,429,04B3,BANK0_SEQ 9DBE pulse fetch,0016,,,8F0F,000056A5,0016,0481,8F35,,,
208,genesis,zelda_v302,seq,431,430,04B5,BANK0_SEQ 9E2C control fetch,0035,,,8F0F,000056A5,0035,0483,8F35,,,
208,genesis,zelda_v302,seq,431,431,04B7,BANK0_SEQ 9EA7 noise fetch,00CE,,,8F0F,000056A5,04CE,04FE,8F35,,,
209,genesis,zelda_v302,seq,435,432,04B1,BANK0_SEQ 9D37 primary fetch,0000,,,8F0F,000056A5,0000,0481,8F35,,,
209,genesis,zelda_v302,seq,435,433,04B3,BANK0_SEQ 9DBE pulse fetch,0016,,,8F0F,000056A5,0016,0481,8F35,,,
209,genesis,zelda_v302,seq,435,434,04B5,BANK0_SEQ 9E2C control fetch,0035,,,8F0F,000056A5,0035,0483,8F35,,,
209,genesis,zelda_v302,seq,435,435,04B7,BANK0_SEQ 9EA7 noise fetch,00CE,,,8F0F,000056A5,04CE,04FE,8F35,,,
210,genesis,zelda_v302,seq,439,436,04B1,BANK0_SEQ 9D37 primary fetch,0000,,,8F0F,000056A5,0000,0481,8F35,,,
210,genesis,zelda_v302,seq,439,437,04B3,BANK0_SEQ 9DBE pulse fetch,0016,,,8F0F,000056A5,0016,0481,8F35,,,
210,genesis,zelda_v302,seq,439,438,04B5,BANK0_SEQ 9E2C control fetch,0035,,,8F0F,000056A5,0035,0483,8F35,,,
210,genesis,zelda_v302,seq,439,439,04B7,BANK0_SEQ 9EA7 noise fetch,00CE,,,8F0F,000056A5,04CE,04FE,8F35,,,
211,genesis,zelda_v302,seq,443,440,04B1,BANK0_SEQ 9D37 primary fetch,0000,,,8F0F,000056A5,0000,0481,8F35,,,
211,genesis,zelda_v302,seq,443,441,04B3,BANK0_SEQ 9DBE pulse fetch,0016,,,8F0F,000056A5,0016,0481,8F35,,,
211,genesis,zelda_v302,seq,443,442,04B5,BANK0_SEQ 9E2C control fetch,0035,,,8F0F,000056A5,0035,0483,8F35,,,
211,genesis,zelda_v302,seq,443,443,04B7,BANK0_SEQ 9EA7 noise fetch,00CE,,,8F0F,000056A5,04CE,04FE,8F35,,,
212,genesis,zelda_v302,seq,447,444,04B1,BANK0_SEQ 9D37 primary fetch,0000,,,8F0F,000056A5,0000,0481,8F35,,,
212,genesis,zelda_v302,seq,447,445,04B3,BANK0_SEQ 9DBE pulse fetch,0016,,,8F0F,000056A5,0016,0481,8F35,,,
212,genesis,zelda_v302,seq,447,446,04B5,BANK0_SEQ 9E2C control fetch,0035,,,8F0F,000056A5,0035,0483,8F35,,,
212,genesis,zelda_v302,seq,447,447,04B7,BANK0_SEQ 9EA7 noise fetch,00CE,,,8F0F,000056A5,04CE,04FE,8F35,,,
213,genesis,zelda_v302,seq,451,448,04B1,BANK0_SEQ 9D37 primary fetch,0000,,,8F0F,000056A5,0000,0481,8F35,,,
213,genesis,zelda_v302,seq,451,449,04B3,BANK0_SEQ 9DBE pulse fetch,0016,,,8F0F,000056A5,0016,0481,8F35,,,
213,genesis,zelda_v302,seq,451,450,04B5,BANK0_SEQ 9E2C control fetch,0035,,,8F0F,000056A5,0035,0483,8F35,,,
213,genesis,zelda_v302,seq,451,451,04B7,BANK0_SEQ 9EA7 noise fetch,00CE,,,8F0F,000056A5,04CE,04FE,8F35,,,
214,genesis,zelda_v302,seq,455,452,04B1,BANK0_SEQ 9D37 primary fetch,0000,,,8F0F,000056A5,0000,0481,8F35,,,
214,genesis,zelda_v302,seq,455,453,04B3,BANK0_SEQ 9DBE pulse fetch,0016,,,8F0F,000056A5,0016,0481,8F35,,,
214,genesis,zelda_v302,seq,455,454,04B5,BANK0_SEQ 9E2C control fetch,0035,,,8F0F,000056A5,0035,0483,8F35,,,
214,genesis,zelda_v302,seq,455,455,04B7,BANK0_SEQ 9EA7 noise fetch,00CE,,,8F0F,000056A5,04CE,04FE,8F35,,,
215,genesis,zelda_v302,seq,459,456,04B1,BANK0_SEQ 9D37 primary fetch,0000,,,8F0F,000056A5,0000,0481,8F35,,,
215,genesis,zelda_v302,seq,459,457,04B3,BANK0_SEQ 9DBE pulse fetch,0016,,,8F0F,000056A5,0016,0481,8F35,,,
215,genesis,zelda_v302,seq,459,458,04B5,BANK0_SEQ 9E2C control fetch,0035,,,8F0F,000056A5,0035,0483,8F35,,,
215,genesis,zelda_v302,seq,459,459,04B7,BANK0_SEQ 9EA7 noise fetch,00CE,,,8F0F,000056A5,04CE,04FE,8F35,,,
216,genesis,zelda_v302,seq,463,460,04B1,BANK0_SEQ 9D37 primary fetch,0000,,,8F0F,000056A5,0000,0481,8F35,,,
216,genesis,zelda_v302,seq,463,461,04B3,BANK0_SEQ 9DBE pulse fetch,0016,,,8F0F,000056A5,0016,0481,8F35,,,
216,genesis,zelda_v302,seq,463,462,04B5,BANK0_SEQ 9E2C control fetch,0035,,,8F0F,000056A5,0035,0483,8F35,,,
216,genesis,zelda_v302,seq,463,463,04B7,BANK0_SEQ 9EA7 noise fetch,00CE,,,8F0F,000056A5,04CE,04FE,8F35,,,
217,genesis,zelda_v302,seq,467,464,04B1,BANK0_SEQ 9D37 primary fetch,0000,,,8F0F,000056A5,0000,0481,8F35,,,
217,genesis,zelda_v302,seq,467,465,04B3,BANK0_SEQ 9DBE pulse fetch,0016,,,8F0F,000056A5,0016,0481,8F35,,,
217,genesis,zelda_v302,seq,467,466,04B5,BANK0_SEQ 9E2C control fetch,0035,,,8F0F,000056A5,0035,0483,8F35,,,
217,genesis,zelda_v302,seq,467,467,04B7,BANK0_SEQ 9EA7 noise fetch,00CE,,,8F0F,000056A5,04CE,04FE,8F35,,,
218,genesis,zelda_v302,seq,471,468,04B1,BANK0_SEQ 9D37 primary fetch,0000,,,8F0F,000056A5,0000,0481,8F35,,,
218,genesis,zelda_v302,seq,471,469,04B3,BANK0_SEQ 9DBE pulse fetch,0016,,,8F0F,000056A5,0016,0481,8F35,,,
218,genesis,zelda_v302,seq,471,470,04B5,BANK0_SEQ 9E2C control fetch,0035,,,8F0F,000056A5,0035,0483,8F35,,,
218,genesis,zelda_v302,seq,471,471,04B7,BANK0_SEQ 9EA7 noise fetch,00CE,,,8F0F,000056A5,04CE,04FE,8F35,,,
219,genesis,zelda_v302,seq,475,472,04B1,BANK0_SEQ 9D37 primary fetch,0000,,,8F0F,000056A5,0000,0481,8F35,,,
219,genesis,zelda_v302,seq,475,473,04B3,BANK0_SEQ 9DBE pulse fetch,0016,,,8F0F,000056A5,0016,0481,8F35,,,
219,genesis,zelda_v302,seq,475,474,04B5,BANK0_SEQ 9E2C control fetch,0035,,,8F0F,000056A5,0035,0483,8F35,,,
219,genesis,zelda_v302,seq,475,475,04B7,BANK0_SEQ 9EA7 noise fetch,00CE,,,8F0F,000056A5,04CE,04FE,8F35,,,
220,genesis,zelda_v302,seq,479,476,04B1,BANK0_SEQ 9D37 primary fetch,0000,,,8F0F,000056A5,0000,0481,8F35,,,
220,genesis,zelda_v302,seq,479,477,04B3,BANK0_SEQ 9DBE pulse fetch,0016,,,8F0F,000056A5,0016,0481,8F35,,,
220,genesis,zelda_v302,seq,479,478,04B5,BANK0_SEQ 9E2C control fetch,0035,,,8F0F,000056A5,0035,0483,8F35,,,
220,genesis,zelda_v302,seq,479,479,04B7,BANK0_SEQ 9EA7 noise fetch,00CE,,,8F0F,000056A5,04CE,04FE,8F35,,,
221,genesis,zelda_v302,seq,483,480,04B1,BANK0_SEQ 9D37 primary fetch,0000,,,8F0F,000056A5,0000,0481,8F35,,,
221,genesis,zelda_v302,seq,483,481,04B3,BANK0_SEQ 9DBE pulse fetch,0016,,,8F0F,000056A5,0016,0481,8F35,,,
221,genesis,zelda_v302,seq,483,482,04B5,BANK0_SEQ 9E2C control fetch,0035,,,8F0F,000056A5,0035,0483,8F35,,,
221,genesis,zelda_v302,seq,483,483,04B7,BANK0_SEQ 9EA7 noise fetch,00CE,,,8F0F,000056A5,04CE,04FE,8F35,,,
222,genesis,zelda_v302,seq,487,484,04B1,BANK0_SEQ 9D37 primary fetch,0000,,,8F0F,000056A5,0000,0481,8F35,,,
222,genesis,zelda_v302,seq,487,485,04B3,BANK0_SEQ 9DBE pulse fetch,0016,,,8F0F,000056A5,0016,0481,8F35,,,
222,genesis,zelda_v302,seq,487,486,04B5,BANK0_SEQ 9E2C control fetch,0035,,,8F0F,000056A5,0035,0483,8F35,,,
222,genesis,zelda_v302,seq,487,487,04B7,BANK0_SEQ 9EA7 noise fetch,00CE,,,8F0F,000056A5,04CE,04FE,8F35,,,
223,genesis,zelda_v302,seq,491,488,04B1,BANK0_SEQ 9D37 primary fetch,0000,,,8F0F,000056A5,0000,0481,8F35,,,
223,genesis,zelda_v302,seq,491,489,04B3,BANK0_SEQ 9DBE pulse fetch,0016,,,8F0F,000056A5,0016,0481,8F35,,,
223,genesis,zelda_v302,seq,491,490,04B5,BANK0_SEQ 9E2C control fetch,0035,,,8F0F,000056A5,0035,0483,8F35,,,
223,genesis,zelda_v302,seq,491,491,04B7,BANK0_SEQ 9EA7 noise fetch,00CE,,,8F0F,000056A5,04CE,04FE,8F35,,,
224,genesis,zelda_v302,seq,495,492,04B1,BANK0_SEQ 9D37 primary fetch,0000,,,8F0F,000056A5,0000,0481,8F35,,,
224,genesis,zelda_v302,seq,495,493,04B3,BANK0_SEQ 9DBE pulse fetch,0016,,,8F0F,000056A5,0016,0481,8F35,,,
224,genesis,zelda_v302,seq,495,494,04B5,BANK0_SEQ 9E2C control fetch,0035,,,8F0F,000056A5,0035,0483,8F35,,,
224,genesis,zelda_v302,seq,495,495,04B7,BANK0_SEQ 9EA7 noise fetch,00CE,,,8F0F,000056A5,04CE,04FE,8F35,,,
225,genesis,zelda_v302,seq,499,496,04B1,BANK0_SEQ 9D37 primary fetch,0000,,,8F0F,000056A5,0000,0481,8F35,,,
225,genesis,zelda_v302,seq,499,497,04B3,BANK0_SEQ 9DBE pulse fetch,0016,,,8F0F,000056A5,0016,0481,8F35,,,
225,genesis,zelda_v302,seq,499,498,04B5,BANK0_SEQ 9E2C control fetch,0035,,,8F0F,000056A5,0035,0483,8F35,,,
225,genesis,zelda_v302,seq,499,499,04B7,BANK0_SEQ 9EA7 noise fetch,00CE,,,8F0F,000056A5,04CE,04FE,8F35,,,
226,genesis,zelda_v302,seq,503,500,04B1,BANK0_SEQ 9D37 primary fetch,0000,,,8F0F,000056A5,0000,0481,8F35,,,
226,genesis,zelda_v302,seq,503,501,04B3,BANK0_SEQ 9DBE pulse fetch,0016,,,8F0F,000056A5,0016,0481,8F35,,,
226,genesis,zelda_v302,seq,503,502,04B5,BANK0_SEQ 9E2C control fetch,0035,,,8F0F,000056A5,0035,0483,8F35,,,
226,genesis,zelda_v302,seq,503,503,04B7,BANK0_SEQ 9EA7 noise fetch,00CE,,,8F0F,000056A5,04CE,04FE,8F35,,,
227,genesis,zelda_v302,seq,507,504,04B1,BANK0_SEQ 9D37 primary fetch,0000,,,8F0F,000056A5,0000,0481,8F35,,,
227,genesis,zelda_v302,seq,507,505,04B3,BANK0_SEQ 9DBE pulse fetch,0016,,,8F0F,000056A5,0016,0481,8F35,,,
227,genesis,zelda_v302,seq,507,506,04B5,BANK0_SEQ 9E2C control fetch,0035,,,8F0F,000056A5,0035,0483,8F35,,,
227,genesis,zelda_v302,seq,507,507,04B7,BANK0_SEQ 9EA7 noise fetch,00CE,,,8F0F,000056A5,04CE,04FE,8F35,,,
228,genesis,zelda_v302,seq,511,508,04B1,BANK0_SEQ 9D37 primary fetch,0000,,,8F0F,000056A5,0000,0481,8F35,,,
228,genesis,zelda_v302,seq,511,509,04B3,BANK0_SEQ 9DBE pulse fetch,0016,,,8F0F,000056A5,0016,0481,8F35,,,
228,genesis,zelda_v302,seq,511,510,04B5,BANK0_SEQ 9E2C control fetch,0035,,,8F0F,000056A5,0035,0483,8F35,,,
228,genesis,zelda_v302,seq,511,511,04B7,BANK0_SEQ 9EA7 noise fetch,00CE,,,8F0F,000056A5,04CE,04FE,8F35,,,
229,genesis,zelda_v302,seq,515,512,04B1,BANK0_SEQ 9D37 primary fetch,0000,,,8F0F,000056A5,0000,0481,8F35,,,
229,genesis,zelda_v302,seq,515,513,04B3,BANK0_SEQ 9DBE pulse fetch,0016,,,8F0F,000056A5,0016,0481,8F35,,,
229,genesis,zelda_v302,seq,515,514,04B5,BANK0_SEQ 9E2C control fetch,0035,,,8F0F,000056A5,0035,0483,8F35,,,
229,genesis,zelda_v302,seq,515,515,04B7,BANK0_SEQ 9EA7 noise fetch,00CE,,,8F0F,000056A5,04CE,04FE,8F35,,,
230,genesis,zelda_v302,seq,519,516,04B1,BANK0_SEQ 9D37 primary fetch,0000,,,8F0F,000056A5,0000,0481,8F35,,,
230,genesis,zelda_v302,seq,519,517,04B3,BANK0_SEQ 9DBE pulse fetch,0016,,,8F0F,000056A5,0016,0481,8F35,,,
230,genesis,zelda_v302,seq,519,518,04B5,BANK0_SEQ 9E2C control fetch,0035,,,8F0F,000056A5,0035,0483,8F35,,,
230,genesis,zelda_v302,seq,519,519,04B7,BANK0_SEQ 9EA7 noise fetch,00CE,,,8F0F,000056A5,04CE,04FE,8F35,,,
231,genesis,zelda_v302,seq,523,520,04B1,BANK0_SEQ 9D37 primary fetch,0000,,,8F0F,000056A5,0000,0481,8F35,,,
231,genesis,zelda_v302,seq,523,521,04B3,BANK0_SEQ 9DBE pulse fetch,0016,,,8F0F,000056A5,0016,0481,8F35,,,
231,genesis,zelda_v302,seq,523,522,04B5,BANK0_SEQ 9E2C control fetch,0035,,,8F0F,000056A5,0035,0483,8F35,,,
231,genesis,zelda_v302,seq,523,523,04B7,BANK0_SEQ 9EA7 noise fetch,00CE,,,8F0F,000056A5,04CE,04FE,8F35,,,
232,genesis,zelda_v302,seq,527,524,04B1,BANK0_SEQ 9D37 primary fetch,0000,,,8F0F,000056A5,0000,0481,8F35,,,
232,genesis,zelda_v302,seq,527,525,04B3,BANK0_SEQ 9DBE pulse fetch,0016,,,8F0F,000056A5,0016,0481,8F35,,,
232,genesis,zelda_v302,seq,527,526,04B5,BANK0_SEQ 9E2C control fetch,0035,,,8F0F,000056A5,0035,0483,8F35,,,
232,genesis,zelda_v302,seq,527,527,04B7,BANK0_SEQ 9EA7 noise fetch,00CE,,,8F0F,000056A5,04CE,04FE,8F35,,,
233,genesis,zelda_v302,seq,531,528,04B1,BANK0_SEQ 9D37 primary fetch,0000,,,8F0F,000056A5,0000,0481,8F35,,,
233,genesis,zelda_v302,seq,531,529,04B3,BANK0_SEQ 9DBE pulse fetch,0016,,,8F0F,000056A5,0016,0481,8F35,,,
233,genesis,zelda_v302,seq,531,530,04B5,BANK0_SEQ 9E2C control fetch,0035,,,8F0F,000056A5,0035,0483,8F35,,,
233,genesis,zelda_v302,seq,531,531,04B7,BANK0_SEQ 9EA7 noise fetch,00CE,,,8F0F,000056A5,04CE,04FE,8F35,,,
234,genesis,zelda_v302,seq,535,532,04B1,BANK0_SEQ 9D37 primary fetch,0000,,,8F0F,000056A5,0000,0481,8F35,,,
234,genesis,zelda_v302,seq,535,533,04B3,BANK0_SEQ 9DBE pulse fetch,0016,,,8F0F,000056A5,0016,0481,8F35,,,
234,genesis,zelda_v302,seq,535,534,04B5,BANK0_SEQ 9E2C control fetch,0035,,,8F0F,000056A5,0035,0483,8F35,,,
234,genesis,zelda_v302,seq,535,535,04B7,BANK0_SEQ 9EA7 noise fetch,00CE,,,8F0F,000056A5,04CE,04FE,8F35,,,
235,genesis,zelda_v302,seq,539,536,04B1,BANK0_SEQ 9D37 primary fetch,0000,,,8F0F,000056A5,0000,0481,8F35,,,
235,genesis,zelda_v302,seq,539,537,04B3,BANK0_SEQ 9DBE pulse fetch,0016,,,8F0F,000056A5,0016,0481,8F35,,,
235,genesis,zelda_v302,seq,539,538,04B5,BANK0_SEQ 9E2C control fetch,0035,,,8F0F,000056A5,0035,0483,8F35,,,
235,genesis,zelda_v302,seq,539,539,04B7,BANK0_SEQ 9EA7 noise fetch,00CE,,,8F0F,000056A5,04CE,04FE,8F35,,,
236,genesis,zelda_v302,seq,543,540,04B1,BANK0_SEQ 9D37 primary fetch,0000,,,8F0F,000056A5,0000,0481,8F35,,,
236,genesis,zelda_v302,seq,543,541,04B3,BANK0_SEQ 9DBE pulse fetch,0016,,,8F0F,000056A5,0016,0481,8F35,,,
236,genesis,zelda_v302,seq,543,542,04B5,BANK0_SEQ 9E2C control fetch,0035,,,8F0F,000056A5,0035,0483,8F35,,,
236,genesis,zelda_v302,seq,543,543,04B7,BANK0_SEQ 9EA7 noise fetch,00CE,,,8F0F,000056A5,04CE,04FE,8F35,,,
237,genesis,zelda_v302,seq,547,544,04B1,BANK0_SEQ 9D37 primary fetch,0000,,,8F0F,000056A5,0000,0481,8F35,,,
237,genesis,zelda_v302,seq,547,545,04B3,BANK0_SEQ 9DBE pulse fetch,0016,,,8F0F,000056A5,0016,0481,8F35,,,
237,genesis,zelda_v302,seq,547,546,04B5,BANK0_SEQ 9E2C control fetch,0035,,,8F0F,000056A5,0035,0483,8F35,,,
237,genesis,zelda_v302,seq,547,547,04B7,BANK0_SEQ 9EA7 noise fetch,00CE,,,8F0F,000056A5,04CE,04FE,8F35,,,
238,genesis,zelda_v302,seq,551,548,04B1,BANK0_SEQ 9D37 primary fetch,0000,,,8F0F,000056A5,0000,0481,8F35,,,
238,genesis,zelda_v302,seq,551,549,04B3,BANK0_SEQ 9DBE pulse fetch,0016,,,8F0F,000056A5,0016,0481,8F35,,,
238,genesis,zelda_v302,seq,551,550,04B5,BANK0_SEQ 9E2C control fetch,0035,,,8F0F,000056A5,0035,0483,8F35,,,
238,genesis,zelda_v302,seq,551,551,04B7,BANK0_SEQ 9EA7 noise fetch,00CE,,,8F0F,000056A5,04CE,04FE,8F35,,,
239,genesis,zelda_v302,seq,555,552,04B1,BANK0_SEQ 9D37 primary fetch,0000,,,8F0F,000056A5,0000,0481,8F35,,,
239,genesis,zelda_v302,seq,555,553,04B3,BANK0_SEQ 9DBE pulse fetch,0016,,,8F0F,000056A5,0016,0481,8F35,,,
239,genesis,zelda_v302,seq,555,554,04B5,BANK0_SEQ 9E2C control fetch,0035,,,8F0F,000056A5,0035,0483,8F35,,,
239,genesis,zelda_v302,seq,555,555,04B7,BANK0_SEQ 9EA7 noise fetch,00CE,,,8F0F,000056A5,04CE,04FE,8F35,,,
240,genesis,zelda_v302,seq,559,556,04B1,BANK0_SEQ 9D37 primary fetch,0000,,,8F0F,000056A5,0000,0481,8F35,,,
240,genesis,zelda_v302,seq,559,557,04B3,BANK0_SEQ 9DBE pulse fetch,0016,,,8F0F,000056A5,0016,0481,8F35,,,
240,genesis,zelda_v302,seq,559,558,04B5,BANK0_SEQ 9E2C control fetch,0035,,,8F0F,000056A5,0035,0483,8F35,,,
240,genesis,zelda_v302,seq,559,559,04B7,BANK0_SEQ 9EA7 noise fetch,00CE,,,8F0F,000056A5,04CE,04FE,8F35,,,
241,genesis,zelda_v302,seq,563,560,04B1,BANK0_SEQ 9D37 primary fetch,0000,,,8F0F,000056A5,0000,0481,8F35,,,
241,genesis,zelda_v302,seq,563,561,04B3,BANK0_SEQ 9DBE pulse fetch,0016,,,8F0F,000056A5,0016,0481,8F35,,,
241,genesis,zelda_v302,seq,563,562,04B5,BANK0_SEQ 9E2C control fetch,0035,,,8F0F,000056A5,0035,0483,8F35,,,
241,genesis,zelda_v302,seq,563,563,04B7,BANK0_SEQ 9EA7 noise fetch,00CE,,,8F0F,000056A5,04CE,04FE,8F35,,,
242,genesis,zelda_v302,seq,567,564,04B1,BANK0_SEQ 9D37 primary fetch,0000,,,8F0F,000056A5,0000,0481,8F35,,,
242,genesis,zelda_v302,seq,567,565,04B3,BANK0_SEQ 9DBE pulse fetch,0016,,,8F0F,000056A5,0016,0481,8F35,,,
242,genesis,zelda_v302,seq,567,566,04B5,BANK0_SEQ 9E2C control fetch,0035,,,8F0F,000056A5,0035,0483,8F35,,,
242,genesis,zelda_v302,seq,567,567,04B7,BANK0_SEQ 9EA7 noise fetch,00CE,,,8F0F,000056A5,04CE,04FE,8F35,,,
243,genesis,zelda_v302,seq,571,568,04B1,BANK0_SEQ 9D37 primary fetch,0000,,,8F0F,000056A5,0000,0481,8F35,,,
243,genesis,zelda_v302,seq,571,569,04B3,BANK0_SEQ 9DBE pulse fetch,0016,,,8F0F,000056A5,0016,0481,8F35,,,
243,genesis,zelda_v302,seq,571,570,04B5,BANK0_SEQ 9E2C control fetch,0035,,,8F0F,000056A5,0035,0483,8F35,,,
243,genesis,zelda_v302,seq,571,571,04B7,BANK0_SEQ 9EA7 noise fetch,00CE,,,8F0F,000056A5,04CE,04FE,8F35,,,
244,genesis,zelda_v302,seq,575,572,04B1,BANK0_SEQ 9D37 primary fetch,0000,,,8F0F,000056A5,0000,0481,8F35,,,
244,genesis,zelda_v302,seq,575,573,04B3,BANK0_SEQ 9DBE pulse fetch,0016,,,8F0F,000056A5,0016,0481,8F35,,,
244,genesis,zelda_v302,seq,575,574,04B5,BANK0_SEQ 9E2C control fetch,0035,,,8F0F,000056A5,0035,0483,8F35,,,
244,genesis,zelda_v302,seq,575,575,04B7,BANK0_SEQ 9EA7 noise fetch,00CE,,,8F0F,000056A5,04CE,04FE,8F35,,,
245,genesis,zelda_v302,seq,579,576,04B1,BANK0_SEQ 9D37 primary fetch,0000,,,8F0F,000056A5,0000,0481,8F35,,,
245,genesis,zelda_v302,seq,579,577,04B3,BANK0_SEQ 9DBE pulse fetch,0016,,,8F0F,000056A5,0016,0481,8F35,,,
245,genesis,zelda_v302,seq,579,578,04B5,BANK0_SEQ 9E2C control fetch,0035,,,8F0F,000056A5,0035,0483,8F35,,,
245,genesis,zelda_v302,seq,579,579,04B7,BANK0_SEQ 9EA7 noise fetch,00CE,,,8F0F,000056A5,04CE,04FE,8F35,,,
246,genesis,zelda_v302,seq,583,580,04B1,BANK0_SEQ 9D37 primary fetch,0000,,,8F0F,000056A5,0000,0481,8F35,,,
246,genesis,zelda_v302,seq,583,581,04B3,BANK0_SEQ 9DBE pulse fetch,0016,,,8F0F,000056A5,0016,0481,8F35,,,
246,genesis,zelda_v302,seq,583,582,04B5,BANK0_SEQ 9E2C control fetch,0035,,,8F0F,000056A5,0035,0483,8F35,,,
246,genesis,zelda_v302,seq,583,583,04B7,BANK0_SEQ 9EA7 noise fetch,00CE,,,8F0F,000056A5,04CE,04FE,8F35,,,
247,genesis,zelda_v302,seq,587,584,04B1,BANK0_SEQ 9D37 primary fetch,0000,,,8F0F,000056A5,0000,0481,8F35,,,
247,genesis,zelda_v302,seq,587,585,04B3,BANK0_SEQ 9DBE pulse fetch,0016,,,8F0F,000056A5,0016,0481,8F35,,,
247,genesis,zelda_v302,seq,587,586,04B5,BANK0_SEQ 9E2C control fetch,0035,,,8F0F,000056A5,0035,0483,8F35,,,
247,genesis,zelda_v302,seq,587,587,04B7,BANK0_SEQ 9EA7 noise fetch,00CE,,,8F0F,000056A5,04CE,04FE,8F35,,,
248,genesis,zelda_v302,seq,591,588,04B1,BANK0_SEQ 9D37 primary fetch,0000,,,8F0F,000056A5,0000,0481,8F35,,,
248,genesis,zelda_v302,seq,591,589,04B3,BANK0_SEQ 9DBE pulse fetch,0016,,,8F0F,000056A5,0016,0481,8F35,,,
248,genesis,zelda_v302,seq,591,590,04B5,BANK0_SEQ 9E2C control fetch,0035,,,8F0F,000056A5,0035,0483,8F35,,,
248,genesis,zelda_v302,seq,591,591,04B7,BANK0_SEQ 9EA7 noise fetch,00CE,,,8F0F,000056A5,04CE,04FE,8F35,,,
249,genesis,zelda_v302,seq,595,592,04B1,BANK0_SEQ 9D37 primary fetch,0000,,,8F0F,000056A5,0000,0481,8F35,,,
249,genesis,zelda_v302,seq,595,593,04B3,BANK0_SEQ 9DBE pulse fetch,0016,,,8F0F,000056A5,0016,0481,8F35,,,
249,genesis,zelda_v302,seq,595,594,04B5,BANK0_SEQ 9E2C control fetch,0035,,,8F0F,000056A5,0035,0483,8F35,,,
249,genesis,zelda_v302,seq,595,595,04B7,BANK0_SEQ 9EA7 noise fetch,00CE,,,8F0F,000056A5,04CE,04FE,8F35,,,
250,genesis,zelda_v302,seq,599,596,04B1,BANK0_SEQ 9D37 primary fetch,0000,,,8F0F,000056A5,0000,0481,8F35,,,
250,genesis,zelda_v302,seq,599,597,04B3,BANK0_SEQ 9DBE pulse fetch,0016,,,8F0F,000056A5,0016,0481,8F35,,,
250,genesis,zelda_v302,seq,599,598,04B5,BANK0_SEQ 9E2C control fetch,0035,,,8F0F,000056A5,0035,0483,8F35,,,
250,genesis,zelda_v302,seq,599,599,04B7,BANK0_SEQ 9EA7 noise fetch,00CE,,,8F0F,000056A5,04CE,04FE,8F35,,,
251,genesis,zelda_v302,seq,603,600,04B1,BANK0_SEQ 9D37 primary fetch,0000,,,8F0F,000056A5,0000,0481,8F35,,,
251,genesis,zelda_v302,seq,603,601,04B3,BANK0_SEQ 9DBE pulse fetch,0016,,,8F0F,000056A5,0016,0481,8F35,,,
251,genesis,zelda_v302,seq,603,602,04B5,BANK0_SEQ 9E2C control fetch,0035,,,8F0F,000056A5,0035,0483,8F35,,,
251,genesis,zelda_v302,seq,603,603,04B7,BANK0_SEQ 9EA7 noise fetch,00CE,,,8F0F,000056A5,04CE,04FE,8F35,,,
252,genesis,zelda_v302,seq,607,604,04B1,BANK0_SEQ 9D37 primary fetch,0000,,,8F0F,000056A5,0000,0481,8F35,,,
252,genesis,zelda_v302,seq,607,605,04B3,BANK0_SEQ 9DBE pulse fetch,0016,,,8F0F,000056A5,0016,0481,8F35,,,
252,genesis,zelda_v302,seq,607,606,04B5,BANK0_SEQ 9E2C control fetch,0035,,,8F0F,000056A5,0035,0483,8F35,,,
252,genesis,zelda_v302,seq,607,607,04B7,BANK0_SEQ 9EA7 noise fetch,00CE,,,8F0F,000056A5,04CE,04FE,8F35,,,
253,genesis,zelda_v302,seq,611,608,04B1,BANK0_SEQ 9D37 primary fetch,0000,,,8F0F,000056A5,0000,0481,8F35,,,
253,genesis,zelda_v302,seq,611,609,04B3,BANK0_SEQ 9DBE pulse fetch,0016,,,8F0F,000056A5,0016,0481,8F35,,,
253,genesis,zelda_v302,seq,611,610,04B5,BANK0_SEQ 9E2C control fetch,0035,,,8F0F,000056A5,0035,0483,8F35,,,
253,genesis,zelda_v302,seq,611,611,04B7,BANK0_SEQ 9EA7 noise fetch,00CE,,,8F0F,000056A5,04CE,04FE,8F35,,,
254,genesis,zelda_v302,seq,615,612,04B1,BANK0_SEQ 9D37 primary fetch,0000,,,8F0F,000056A5,0000,0481,8F35,,,
254,genesis,zelda_v302,seq,615,613,04B3,BANK0_SEQ 9DBE pulse fetch,0016,,,8F0F,000056A5,0016,0481,8F35,,,
254,genesis,zelda_v302,seq,615,614,04B5,BANK0_SEQ 9E2C control fetch,0035,,,8F0F,000056A5,0035,0483,8F35,,,
254,genesis,zelda_v302,seq,615,615,04B7,BANK0_SEQ 9EA7 noise fetch,00CE,,,8F0F,000056A5,04CE,04FE,8F35,,,
255,genesis,zelda_v302,seq,619,616,04B1,BANK0_SEQ 9D37 primary fetch,0000,,,8F0F,000056A5,0000,0481,8F35,,,
255,genesis,zelda_v302,seq,619,617,04B3,BANK0_SEQ 9DBE pulse fetch,0016,,,8F0F,000056A5,0016,0481,8F35,,,
255,genesis,zelda_v302,seq,619,618,04B5,BANK0_SEQ 9E2C control fetch,0035,,,8F0F,000056A5,0035,0483,8F35,,,
255,genesis,zelda_v302,seq,619,619,04B7,BANK0_SEQ 9EA7 noise fetch,00CE,,,8F0F,000056A5,04CE,04FE,8F35,,,
256,genesis,zelda_v302,seq,623,620,04B1,BANK0_SEQ 9D37 primary fetch,0000,,,8F0F,000056A5,0000,0481,8F35,,,
256,genesis,zelda_v302,seq,623,621,04B3,BANK0_SEQ 9DBE pulse fetch,0016,,,8F0F,000056A5,0016,0481,8F35,,,
256,genesis,zelda_v302,seq,623,622,04B5,BANK0_SEQ 9E2C control fetch,0035,,,8F0F,000056A5,0035,0483,8F35,,,
256,genesis,zelda_v302,seq,623,623,04B7,BANK0_SEQ 9EA7 noise fetch,00CE,,,8F0F,000056A5,04CE,04FE,8F35,,,
257,genesis,zelda_v302,seq,627,624,04B1,BANK0_SEQ 9D37 primary fetch,0000,,,8F0F,000056A5,0000,0481,8F35,,,
257,genesis,zelda_v302,seq,627,625,04B3,BANK0_SEQ 9DBE pulse fetch,0016,,,8F0F,000056A5,0016,0481,8F35,,,
257,genesis,zelda_v302,seq,627,626,04B5,BANK0_SEQ 9E2C control fetch,0035,,,8F0F,000056A5,0035,0483,8F35,,,
257,genesis,zelda_v302,seq,627,627,04B7,BANK0_SEQ 9EA7 noise fetch,00CE,,,8F0F,000056A5,04CE,04FE,8F35,,,
258,genesis,zelda_v302,seq,631,628,04B1,BANK0_SEQ 9D37 primary fetch,0000,,,8F0F,000056A5,0000,0481,8F35,,,
258,genesis,zelda_v302,seq,631,629,04B3,BANK0_SEQ 9DBE pulse fetch,0016,,,8F0F,000056A5,0016,0481,8F35,,,
258,genesis,zelda_v302,seq,631,630,04B5,BANK0_SEQ 9E2C control fetch,0035,,,8F0F,000056A5,0035,0483,8F35,,,
258,genesis,zelda_v302,seq,631,631,04B7,BANK0_SEQ 9EA7 noise fetch,00CE,,,8F0F,000056A5,04CE,04FE,8F35,,,
259,genesis,zelda_v302,seq,635,632,04B1,BANK0_SEQ 9D37 primary fetch,0000,,,8F0F,000056A5,0000,0481,8F35,,,
259,genesis,zelda_v302,seq,635,633,04B3,BANK0_SEQ 9DBE pulse fetch,0016,,,8F0F,000056A5,0016,0481,8F35,,,
259,genesis,zelda_v302,seq,635,634,04B5,BANK0_SEQ 9E2C control fetch,0035,,,8F0F,000056A5,0035,0483,8F35,,,
259,genesis,zelda_v302,seq,635,635,04B7,BANK0_SEQ 9EA7 noise fetch,00CE,,,8F0F,000056A5,04CE,04FE,8F35,,,
260,genesis,zelda_v302,seq,639,636,04B1,BANK0_SEQ 9D37 primary fetch,0000,,,8F0F,000056A5,0000,0481,8F35,,,
260,genesis,zelda_v302,seq,639,637,04B3,BANK0_SEQ 9DBE pulse fetch,0016,,,8F0F,000056A5,0016,0481,8F35,,,
260,genesis,zelda_v302,seq,639,638,04B5,BANK0_SEQ 9E2C control fetch,0035,,,8F0F,000056A5,0035,0483,8F35,,,
260,genesis,zelda_v302,seq,639,639,04B7,BANK0_SEQ 9EA7 noise fetch,00CE,,,8F0F,000056A5,04CE,04FE,8F35,,,
261,genesis,zelda_v302,seq,643,640,04B1,BANK0_SEQ 9D37 primary fetch,0000,,,8F0F,000056A5,0000,0481,8F35,,,
261,genesis,zelda_v302,seq,643,641,04B3,BANK0_SEQ 9DBE pulse fetch,0016,,,8F0F,000056A5,0016,0481,8F35,,,
261,genesis,zelda_v302,seq,643,642,04B5,BANK0_SEQ 9E2C control fetch,0035,,,8F0F,000056A5,0035,0483,8F35,,,
261,genesis,zelda_v302,seq,643,643,04B7,BANK0_SEQ 9EA7 noise fetch,00CE,,,8F0F,000056A5,04CE,04FE,8F35,,,
262,genesis,zelda_v302,seq,647,644,04B1,BANK0_SEQ 9D37 primary fetch,0000,,,8F0F,000056A5,0000,0481,8F35,,,
262,genesis,zelda_v302,seq,647,645,04B3,BANK0_SEQ 9DBE pulse fetch,0016,,,8F0F,000056A5,0016,0481,8F35,,,
262,genesis,zelda_v302,seq,647,646,04B5,BANK0_SEQ 9E2C control fetch,0035,,,8F0F,000056A5,0035,0483,8F35,,,
262,genesis,zelda_v302,seq,647,647,04B7,BANK0_SEQ 9EA7 noise fetch,00CE,,,8F0F,000056A5,04CE,04FE,8F35,,,
263,genesis,zelda_v302,seq,651,648,04B1,BANK0_SEQ 9D37 primary fetch,0000,,,8F0F,000056A5,0000,0481,8F35,,,
263,genesis,zelda_v302,seq,651,649,04B3,BANK0_SEQ 9DBE pulse fetch,0016,,,8F0F,000056A5,0016,0481,8F35,,,
263,genesis,zelda_v302,seq,651,650,04B5,BANK0_SEQ 9E2C control fetch,0035,,,8F0F,000056A5,0035,0483,8F35,,,
263,genesis,zelda_v302,seq,651,651,04B7,BANK0_SEQ 9EA7 noise fetch,00CE,,,8F0F,000056A5,04CE,04FE,8F35,,,
264,genesis,zelda_v302,seq,655,652,04B1,BANK0_SEQ 9D37 primary fetch,0000,,,8F0F,000056A5,0000,0481,8F35,,,
264,genesis,zelda_v302,seq,655,653,04B3,BANK0_SEQ 9DBE pulse fetch,0016,,,8F0F,000056A5,0016,0481,8F35,,,
264,genesis,zelda_v302,seq,655,654,04B5,BANK0_SEQ 9E2C control fetch,0035,,,8F0F,000056A5,0035,0483,8F35,,,
264,genesis,zelda_v302,seq,655,655,04B7,BANK0_SEQ 9EA7 noise fetch,00CE,,,8F0F,000056A5,04CE,04FE,8F35,,,
265,genesis,zelda_v302,seq,659,656,04B1,BANK0_SEQ 9D37 primary fetch,0000,,,8F0F,000056A5,0000,0481,8F35,,,
265,genesis,zelda_v302,seq,659,657,04B3,BANK0_SEQ 9DBE pulse fetch,0016,,,8F0F,000056A5,0016,0481,8F35,,,
265,genesis,zelda_v302,seq,659,658,04B5,BANK0_SEQ 9E2C control fetch,0035,,,8F0F,000056A5,0035,0483,8F35,,,
265,genesis,zelda_v302,seq,659,659,04B7,BANK0_SEQ 9EA7 noise fetch,00CE,,,8F0F,000056A5,04CE,04FE,8F35,,,
266,genesis,zelda_v302,seq,663,660,04B1,BANK0_SEQ 9D37 primary fetch,0000,,,8F0F,000056A5,0000,0481,8F35,,,
266,genesis,zelda_v302,seq,663,661,04B3,BANK0_SEQ 9DBE pulse fetch,0016,,,8F0F,000056A5,0016,0481,8F35,,,
266,genesis,zelda_v302,seq,663,662,04B5,BANK0_SEQ 9E2C control fetch,0035,,,8F0F,000056A5,0035,0483,8F35,,,
266,genesis,zelda_v302,seq,663,663,04B7,BANK0_SEQ 9EA7 noise fetch,00CE,,,8F0F,000056A5,04CE,04FE,8F35,,,
267,genesis,zelda_v302,seq,667,664,04B1,BANK0_SEQ 9D37 primary fetch,0000,,,8F0F,000056A5,0000,0481,8F35,,,
267,genesis,zelda_v302,seq,667,665,04B3,BANK0_SEQ 9DBE pulse fetch,0016,,,8F0F,000056A5,0016,0481,8F35,,,
267,genesis,zelda_v302,seq,667,666,04B5,BANK0_SEQ 9E2C control fetch,0035,,,8F0F,000056A5,0035,0483,8F35,,,
267,genesis,zelda_v302,seq,667,667,04B7,BANK0_SEQ 9EA7 noise fetch,00CE,,,8F0F,000056A5,04CE,04FE,8F35,,,
268,genesis,zelda_v302,seq,671,668,04B1,BANK0_SEQ 9D37 primary fetch,0000,,,8F0F,000056A5,0000,0481,8F35,,,
268,genesis,zelda_v302,seq,671,669,04B3,BANK0_SEQ 9DBE pulse fetch,0016,,,8F0F,000056A5,0016,0481,8F35,,,
268,genesis,zelda_v302,seq,671,670,04B5,BANK0_SEQ 9E2C control fetch,0035,,,8F0F,000056A5,0035,0483,8F35,,,
268,genesis,zelda_v302,seq,671,671,04B7,BANK0_SEQ 9EA7 noise fetch,00CE,,,8F0F,000056A5,04CE,04FE,8F35,,,
269,genesis,zelda_v302,seq,675,672,04B1,BANK0_SEQ 9D37 primary fetch,0000,,,8F0F,000056A5,0000,0481,8F35,,,
269,genesis,zelda_v302,seq,675,673,04B3,BANK0_SEQ 9DBE pulse fetch,0016,,,8F0F,000056A5,0016,0481,8F35,,,
269,genesis,zelda_v302,seq,675,674,04B5,BANK0_SEQ 9E2C control fetch,0035,,,8F0F,000056A5,0035,0483,8F35,,,
269,genesis,zelda_v302,seq,675,675,04B7,BANK0_SEQ 9EA7 noise fetch,00CE,,,8F0F,000056A5,04CE,04FE,8F35,,,
270,genesis,zelda_v302,seq,679,676,04B1,BANK0_SEQ 9D37 primary fetch,0000,,,8F0F,000056A5,0000,0481,8F35,,,
270,genesis,zelda_v302,seq,679,677,04B3,BANK0_SEQ 9DBE pulse fetch,0016,,,8F0F,000056A5,0016,0481,8F35,,,
270,genesis,zelda_v302,seq,679,678,04B5,BANK0_SEQ 9E2C control fetch,0035,,,8F0F,000056A5,0035,0483,8F35,,,
270,genesis,zelda_v302,seq,679,679,04B7,BANK0_SEQ 9EA7 noise fetch,00CE,,,8F0F,000056A5,04CE,04FE,8F35,,,
271,genesis,zelda_v302,seq,683,680,04B1,BANK0_SEQ 9D37 primary fetch,0000,,,8F0F,000056A5,0000,0481,8F35,,,
271,genesis,zelda_v302,seq,683,681,04B3,BANK0_SEQ 9DBE pulse fetch,0016,,,8F0F,000056A5,0016,0481,8F35,,,
271,genesis,zelda_v302,seq,683,682,04B5,BANK0_SEQ 9E2C control fetch,0035,,,8F0F,000056A5,0035,0483,8F35,,,
271,genesis,zelda_v302,seq,683,683,04B7,BANK0_SEQ 9EA7 noise fetch,00CE,,,8F0F,000056A5,04CE,04FE,8F35,,,
272,genesis,zelda_v302,seq,687,684,04B1,BANK0_SEQ 9D37 primary fetch,0000,,,8F0F,000056A5,0000,0481,8F35,,,
272,genesis,zelda_v302,seq,687,685,04B3,BANK0_SEQ 9DBE pulse fetch,0016,,,8F0F,000056A5,0016,0481,8F35,,,
272,genesis,zelda_v302,seq,687,686,04B5,BANK0_SEQ 9E2C control fetch,0035,,,8F0F,000056A5,0035,0483,8F35,,,
272,genesis,zelda_v302,seq,687,687,04B7,BANK0_SEQ 9EA7 noise fetch,00CE,,,8F0F,000056A5,04CE,04FE,8F35,,,
273,genesis,zelda_v302,seq,691,688,04B1,BANK0_SEQ 9D37 primary fetch,0000,,,8F0F,000056A5,0000,0481,8F35,,,
273,genesis,zelda_v302,seq,691,689,04B3,BANK0_SEQ 9DBE pulse fetch,0016,,,8F0F,000056A5,0016,0481,8F35,,,
273,genesis,zelda_v302,seq,691,690,04B5,BANK0_SEQ 9E2C control fetch,0035,,,8F0F,000056A5,0035,0483,8F35,,,
273,genesis,zelda_v302,seq,691,691,04B7,BANK0_SEQ 9EA7 noise fetch,00CE,,,8F0F,000056A5,04CE,04FE,8F35,,,
274,genesis,zelda_v302,seq,695,692,04B1,BANK0_SEQ 9D37 primary fetch,0000,,,8F0F,000056A5,0000,0481,8F35,,,
274,genesis,zelda_v302,seq,695,693,04B3,BANK0_SEQ 9DBE pulse fetch,0016,,,8F0F,000056A5,0016,0481,8F35,,,
274,genesis,zelda_v302,seq,695,694,04B5,BANK0_SEQ 9E2C control fetch,0035,,,8F0F,000056A5,0035,0483,8F35,,,
274,genesis,zelda_v302,seq,695,695,04B7,BANK0_SEQ 9EA7 noise fetch,00CE,,,8F0F,000056A5,04CE,04FE,8F35,,,
275,genesis,zelda_v302,seq,699,696,04B1,BANK0_SEQ 9D37 primary fetch,0000,,,8F0F,000056A5,0000,0481,8F35,,,
275,genesis,zelda_v302,seq,699,697,04B3,BANK0_SEQ 9DBE pulse fetch,0016,,,8F0F,000056A5,0016,0481,8F35,,,
275,genesis,zelda_v302,seq,699,698,04B5,BANK0_SEQ 9E2C control fetch,0035,,,8F0F,000056A5,0035,0483,8F35,,,
275,genesis,zelda_v302,seq,699,699,04B7,BANK0_SEQ 9EA7 noise fetch,00CE,,,8F0F,000056A5,04CE,04FE,8F35,,,
276,genesis,zelda_v302,seq,703,700,04B1,BANK0_SEQ 9D37 primary fetch,0000,,,8F0F,000056A5,0000,0481,8F35,,,
276,genesis,zelda_v302,seq,703,701,04B3,BANK0_SEQ 9DBE pulse fetch,0016,,,8F0F,000056A5,0016,0481,8F35,,,
276,genesis,zelda_v302,seq,703,702,04B5,BANK0_SEQ 9E2C control fetch,0035,,,8F0F,000056A5,0035,0483,8F35,,,
276,genesis,zelda_v302,seq,703,703,04B7,BANK0_SEQ 9EA7 noise fetch,00CE,,,8F0F,000056A5,04CE,04FE,8F35,,,
277,genesis,zelda_v302,seq,707,704,04B1,BANK0_SEQ 9D37 primary fetch,0000,,,8F0F,000056A5,0000,0481,8F35,,,
277,genesis,zelda_v302,seq,707,705,04B3,BANK0_SEQ 9DBE pulse fetch,0016,,,8F0F,000056A5,0016,0481,8F35,,,
277,genesis,zelda_v302,seq,707,706,04B5,BANK0_SEQ 9E2C control fetch,0035,,,8F0F,000056A5,0035,0483,8F35,,,
277,genesis,zelda_v302,seq,707,707,04B7,BANK0_SEQ 9EA7 noise fetch,00CE,,,8F0F,000056A5,04CE,04FE,8F35,,,
278,genesis,zelda_v302,seq,711,708,04B1,BANK0_SEQ 9D37 primary fetch,0000,,,8F0F,000056A5,0000,0481,8F35,,,
278,genesis,zelda_v302,seq,711,709,04B3,BANK0_SEQ 9DBE pulse fetch,0016,,,8F0F,000056A5,0016,0481,8F35,,,
278,genesis,zelda_v302,seq,711,710,04B5,BANK0_SEQ 9E2C control fetch,0035,,,8F0F,000056A5,0035,0483,8F35,,,
278,genesis,zelda_v302,seq,711,711,04B7,BANK0_SEQ 9EA7 noise fetch,00CE,,,8F0F,000056A5,04CE,04FE,8F35,,,
279,genesis,zelda_v302,seq,715,712,04B1,BANK0_SEQ 9D37 primary fetch,0000,,,8F0F,000056A5,0000,0481,8F35,,,
279,genesis,zelda_v302,seq,715,713,04B3,BANK0_SEQ 9DBE pulse fetch,0016,,,8F0F,000056A5,0016,0481,8F35,,,
279,genesis,zelda_v302,seq,715,714,04B5,BANK0_SEQ 9E2C control fetch,0035,,,8F0F,000056A5,0035,0483,8F35,,,
279,genesis,zelda_v302,seq,715,715,04B7,BANK0_SEQ 9EA7 noise fetch,00CE,,,8F0F,000056A5,04CE,04FE,8F35,,,
280,genesis,zelda_v302,seq,719,716,04B1,BANK0_SEQ 9D37 primary fetch,0000,,,8F0F,000056A5,0000,0481,8F35,,,
280,genesis,zelda_v302,seq,719,717,04B3,BANK0_SEQ 9DBE pulse fetch,0016,,,8F0F,000056A5,0016,0481,8F35,,,
280,genesis,zelda_v302,seq,719,718,04B5,BANK0_SEQ 9E2C control fetch,0035,,,8F0F,000056A5,0035,0483,8F35,,,
280,genesis,zelda_v302,seq,719,719,04B7,BANK0_SEQ 9EA7 noise fetch,00CE,,,8F0F,000056A5,04CE,04FE,8F35,,,
281,genesis,zelda_v302,seq,723,720,04B1,BANK0_SEQ 9D37 primary fetch,0000,,,8F0F,000056A5,0000,0481,8F35,,,
281,genesis,zelda_v302,seq,723,721,04B3,BANK0_SEQ 9DBE pulse fetch,0016,,,8F0F,000056A5,0016,0481,8F35,,,
281,genesis,zelda_v302,seq,723,722,04B5,BANK0_SEQ 9E2C control fetch,0035,,,8F0F,000056A5,0035,0483,8F35,,,
281,genesis,zelda_v302,seq,723,723,04B7,BANK0_SEQ 9EA7 noise fetch,00CE,,,8F0F,000056A5,04CE,04FE,8F35,,,
282,genesis,zelda_v302,seq,727,724,04B1,BANK0_SEQ 9D37 primary fetch,0000,,,8F0F,000056A5,0000,0481,8F35,,,
282,genesis,zelda_v302,seq,727,725,04B3,BANK0_SEQ 9DBE pulse fetch,0016,,,8F0F,000056A5,0016,0481,8F35,,,
282,genesis,zelda_v302,seq,727,726,04B5,BANK0_SEQ 9E2C control fetch,0035,,,8F0F,000056A5,0035,0483,8F35,,,
282,genesis,zelda_v302,seq,727,727,04B7,BANK0_SEQ 9EA7 noise fetch,00CE,,,8F0F,000056A5,04CE,04FE,8F35,,,
283,genesis,zelda_v302,seq,731,728,04B1,BANK0_SEQ 9D37 primary fetch,0000,,,8F0F,000056A5,0000,0481,8F35,,,
283,genesis,zelda_v302,seq,731,729,04B3,BANK0_SEQ 9DBE pulse fetch,0016,,,8F0F,000056A5,0016,0481,8F35,,,
283,genesis,zelda_v302,seq,731,730,04B5,BANK0_SEQ 9E2C control fetch,0035,,,8F0F,000056A5,0035,0483,8F35,,,
283,genesis,zelda_v302,seq,731,731,04B7,BANK0_SEQ 9EA7 noise fetch,00CE,,,8F0F,000056A5,04CE,04FE,8F35,,,
284,genesis,zelda_v302,seq,735,732,04B1,BANK0_SEQ 9D37 primary fetch,0000,,,8F0F,000056A5,0000,0481,8F35,,,
284,genesis,zelda_v302,seq,735,733,04B3,BANK0_SEQ 9DBE pulse fetch,0016,,,8F0F,000056A5,0016,0481,8F35,,,
284,genesis,zelda_v302,seq,735,734,04B5,BANK0_SEQ 9E2C control fetch,0035,,,8F0F,000056A5,0035,0483,8F35,,,
284,genesis,zelda_v302,seq,735,735,04B7,BANK0_SEQ 9EA7 noise fetch,00CE,,,8F0F,000056A5,04CE,04FE,8F35,,,
285,genesis,zelda_v302,seq,739,736,04B1,BANK0_SEQ 9D37 primary fetch,0000,,,8F0F,000056A5,0000,0481,8F35,,,
285,genesis,zelda_v302,seq,739,737,04B3,BANK0_SEQ 9DBE pulse fetch,0016,,,8F0F,000056A5,0016,0481,8F35,,,
285,genesis,zelda_v302,seq,739,738,04B5,BANK0_SEQ 9E2C control fetch,0035,,,8F0F,000056A5,0035,0483,8F35,,,
285,genesis,zelda_v302,seq,739,739,04B7,BANK0_SEQ 9EA7 noise fetch,00CE,,,8F0F,000056A5,04CE,04FE,8F35,,,
286,genesis,zelda_v302,seq,743,740,04B1,BANK0_SEQ 9D37 primary fetch,0000,,,8F0F,000056A5,0000,0481,8F35,,,
286,genesis,zelda_v302,seq,743,741,04B3,BANK0_SEQ 9DBE pulse fetch,0016,,,8F0F,000056A5,0016,0481,8F35,,,
286,genesis,zelda_v302,seq,743,742,04B5,BANK0_SEQ 9E2C control fetch,0035,,,8F0F,000056A5,0035,0483,8F35,,,
286,genesis,zelda_v302,seq,743,743,04B7,BANK0_SEQ 9EA7 noise fetch,00CE,,,8F0F,000056A5,04CE,04FE,8F35,,,
287,genesis,zelda_v302,seq,747,744,04B1,BANK0_SEQ 9D37 primary fetch,0000,,,8F0F,000056A5,0000,0481,8F35,,,
287,genesis,zelda_v302,seq,747,745,04B3,BANK0_SEQ 9DBE pulse fetch,0016,,,8F0F,000056A5,0016,0481,8F35,,,
287,genesis,zelda_v302,seq,747,746,04B5,BANK0_SEQ 9E2C control fetch,0035,,,8F0F,000056A5,0035,0483,8F35,,,
287,genesis,zelda_v302,seq,747,747,04B7,BANK0_SEQ 9EA7 noise fetch,00CE,,,8F0F,000056A5,04CE,04FE,8F35,,,
288,genesis,zelda_v302,seq,751,748,04B1,BANK0_SEQ 9D37 primary fetch,0000,,,8F0F,000056A5,0000,0481,8F35,,,
288,genesis,zelda_v302,seq,751,749,04B3,BANK0_SEQ 9DBE pulse fetch,0016,,,8F0F,000056A5,0016,0481,8F35,,,
288,genesis,zelda_v302,seq,751,750,04B5,BANK0_SEQ 9E2C control fetch,0035,,,8F0F,000056A5,0035,0483,8F35,,,
288,genesis,zelda_v302,seq,751,751,04B7,BANK0_SEQ 9EA7 noise fetch,00CE,,,8F0F,000056A5,04CE,04FE,8F35,,,
289,genesis,zelda_v302,seq,755,752,04B1,BANK0_SEQ 9D37 primary fetch,0000,,,8F0F,000056A5,0000,0481,8F35,,,
289,genesis,zelda_v302,seq,755,753,04B3,BANK0_SEQ 9DBE pulse fetch,0016,,,8F0F,000056A5,0016,0481,8F35,,,
289,genesis,zelda_v302,seq,755,754,04B5,BANK0_SEQ 9E2C control fetch,0035,,,8F0F,000056A5,0035,0483,8F35,,,
289,genesis,zelda_v302,seq,755,755,04B7,BANK0_SEQ 9EA7 noise fetch,00CE,,,8F0F,000056A5,04CE,04FE,8F35,,,
290,genesis,zelda_v302,seq,759,756,04B1,BANK0_SEQ 9D37 primary fetch,0000,,,8F0F,000056A5,0000,0481,8F35,,,
290,genesis,zelda_v302,seq,759,757,04B3,BANK0_SEQ 9DBE pulse fetch,0016,,,8F0F,000056A5,0016,0481,8F35,,,
290,genesis,zelda_v302,seq,759,758,04B5,BANK0_SEQ 9E2C control fetch,0035,,,8F0F,000056A5,0035,0483,8F35,,,
290,genesis,zelda_v302,seq,759,759,04B7,BANK0_SEQ 9EA7 noise fetch,00CE,,,8F0F,000056A5,04CE,04FE,8F35,,,
291,genesis,zelda_v302,seq,763,760,04B1,BANK0_SEQ 9D37 primary fetch,0000,,,8F0F,000056A5,0000,0481,8F35,,,
291,genesis,zelda_v302,seq,763,761,04B3,BANK0_SEQ 9DBE pulse fetch,0016,,,8F0F,000056A5,0016,0481,8F35,,,
291,genesis,zelda_v302,seq,763,762,04B5,BANK0_SEQ 9E2C control fetch,0035,,,8F0F,000056A5,0035,0483,8F35,,,
291,genesis,zelda_v302,seq,763,763,04B7,BANK0_SEQ 9EA7 noise fetch,00CE,,,8F0F,000056A5,04CE,04FE,8F35,,,
292,genesis,zelda_v302,seq,767,764,04B1,BANK0_SEQ 9D37 primary fetch,0000,,,8F0F,000056A5,0000,0481,8F35,,,
292,genesis,zelda_v302,seq,767,765,04B3,BANK0_SEQ 9DBE pulse fetch,0016,,,8F0F,000056A5,0016,0481,8F35,,,
292,genesis,zelda_v302,seq,767,766,04B5,BANK0_SEQ 9E2C control fetch,0035,,,8F0F,000056A5,0035,0483,8F35,,,
292,genesis,zelda_v302,seq,767,767,04B7,BANK0_SEQ 9EA7 noise fetch,00CE,,,8F0F,000056A5,04CE,04FE,8F35,,,
293,genesis,zelda_v302,seq,771,768,04B1,BANK0_SEQ 9D37 primary fetch,0000,,,8F0F,000056A5,0000,0481,8F35,,,
293,genesis,zelda_v302,seq,771,769,04B3,BANK0_SEQ 9DBE pulse fetch,0016,,,8F0F,000056A5,0016,0481,8F35,,,
293,genesis,zelda_v302,seq,771,770,04B5,BANK0_SEQ 9E2C control fetch,0035,,,8F0F,000056A5,0035,0483,8F35,,,
293,genesis,zelda_v302,seq,771,771,04B7,BANK0_SEQ 9EA7 noise fetch,00CE,,,8F0F,000056A5,04CE,04FE,8F35,,,
294,genesis,zelda_v302,seq,775,772,04B1,BANK0_SEQ 9D37 primary fetch,0000,,,8F0F,000056A5,0000,0481,8F35,,,
294,genesis,zelda_v302,seq,775,773,04B3,BANK0_SEQ 9DBE pulse fetch,0016,,,8F0F,000056A5,0016,0481,8F35,,,
294,genesis,zelda_v302,seq,775,774,04B5,BANK0_SEQ 9E2C control fetch,0035,,,8F0F,000056A5,0035,0483,8F35,,,
294,genesis,zelda_v302,seq,775,775,04B7,BANK0_SEQ 9EA7 noise fetch,00CE,,,8F0F,000056A5,04CE,04FE,8F35,,,
295,genesis,zelda_v302,seq,779,776,04B1,BANK0_SEQ 9D37 primary fetch,0000,,,8F0F,000056A5,0000,0481,8F35,,,
295,genesis,zelda_v302,seq,779,777,04B3,BANK0_SEQ 9DBE pulse fetch,0016,,,8F0F,000056A5,0016,0481,8F35,,,
295,genesis,zelda_v302,seq,779,778,04B5,BANK0_SEQ 9E2C control fetch,0035,,,8F0F,000056A5,0035,0483,8F35,,,
295,genesis,zelda_v302,seq,779,779,04B7,BANK0_SEQ 9EA7 noise fetch,00CE,,,8F0F,000056A5,04CE,04FE,8F35,,,
296,genesis,zelda_v302,seq,783,780,04B1,BANK0_SEQ 9D37 primary fetch,0000,,,8F0F,000056A5,0000,0481,8F35,,,
296,genesis,zelda_v302,seq,783,781,04B3,BANK0_SEQ 9DBE pulse fetch,0016,,,8F0F,000056A5,0016,0481,8F35,,,
296,genesis,zelda_v302,seq,783,782,04B5,BANK0_SEQ 9E2C control fetch,0035,,,8F0F,000056A5,0035,0483,8F35,,,
296,genesis,zelda_v302,seq,783,783,04B7,BANK0_SEQ 9EA7 noise fetch,00CE,,,8F0F,000056A5,04CE,04FE,8F35,,,
297,genesis,zelda_v302,seq,787,784,04B1,BANK0_SEQ 9D37 primary fetch,0000,,,8F0F,000056A5,0000,0481,8F35,,,
297,genesis,zelda_v302,seq,787,785,04B3,BANK0_SEQ 9DBE pulse fetch,0016,,,8F0F,000056A5,0016,0481,8F35,,,
297,genesis,zelda_v302,seq,787,786,04B5,BANK0_SEQ 9E2C control fetch,0035,,,8F0F,000056A5,0035,0483,8F35,,,
297,genesis,zelda_v302,seq,787,787,04B7,BANK0_SEQ 9EA7 noise fetch,00CE,,,8F0F,000056A5,04CE,04FE,8F35,,,
298,genesis,zelda_v302,seq,791,788,04B1,BANK0_SEQ 9D37 primary fetch,0000,,,8F0F,000056A5,0000,0481,8F35,,,
298,genesis,zelda_v302,seq,791,789,04B3,BANK0_SEQ 9DBE pulse fetch,0016,,,8F0F,000056A5,0016,0481,8F35,,,
298,genesis,zelda_v302,seq,791,790,04B5,BANK0_SEQ 9E2C control fetch,0035,,,8F0F,000056A5,0035,0483,8F35,,,
298,genesis,zelda_v302,seq,791,791,04B7,BANK0_SEQ 9EA7 noise fetch,00CE,,,8F0F,000056A5,04CE,04FE,8F35,,,
299,genesis,zelda_v302,seq,795,792,04B1,BANK0_SEQ 9D37 primary fetch,0000,,,8F0F,000056A5,0000,0481,8F35,,,
299,genesis,zelda_v302,seq,795,793,04B3,BANK0_SEQ 9DBE pulse fetch,0016,,,8F0F,000056A5,0016,0481,8F35,,,
299,genesis,zelda_v302,seq,795,794,04B5,BANK0_SEQ 9E2C control fetch,0035,,,8F0F,000056A5,0035,0483,8F35,,,
299,genesis,zelda_v302,seq,795,795,04B7,BANK0_SEQ 9EA7 noise fetch,00CE,,,8F0F,000056A5,04CE,04FE,8F35,,,
300,genesis,zelda_v302,seq,799,796,04B1,BANK0_SEQ 9D37 primary fetch,0000,,,8F0F,000056A5,0000,0481,8F35,,,
300,genesis,zelda_v302,seq,799,797,04B3,BANK0_SEQ 9DBE pulse fetch,0016,,,8F0F,000056A5,0016,0481,8F35,,,
300,genesis,zelda_v302,seq,799,798,04B5,BANK0_SEQ 9E2C control fetch,0035,,,8F0F,000056A5,0035,0483,8F35,,,
300,genesis,zelda_v302,seq,799,799,04B7,BANK0_SEQ 9EA7 noise fetch,00CE,,,8F0F,000056A5,04CE,04FE,8F35,,,
